Friedmanniella_Propionibacteriaceae_Propionibacteriales_Actinobacteria_Actinobacteria;0;0;0;0;0;0;0;0;0;0;0;0;0;0;0;0;0;0;0;0;0;0;0
Hephaestia_Sphingomonadaceae_Sphingomonadales_Alphaproteobacteria_Proteobacteria;0;0;0;0;0;0;0;0;0;0;0;0;0;0;0;0;0;0;0;0;0;0;0
Ideonella_Comamonadaceae_Burkholderiales_Betaproteobacteria_Proteobacteria;0;0;0;0;0;0;0;0;0;0;0;0;0;0;0;0;0;0;0;0;0;0;0
Candidatus-Latescibacter_Unknown-Family_Unknown-Order_Latescibacteria-Incertae-Sedis_Latescibacteria;0;0;0;0;0;0;0;0;0;0;0;0;0;0;0;0;0;0;0;0;0;0,001082251;0
Asticcacaulis_Caulobacteraceae_Caulobacterales_Alphaproteobacteria_Proteobacteria;0;0;0;0;0;0;0;0;0;0;0;0;0;0;0;0;0;0;0;0;0;0;0
Blastococcus_Geodermatophilaceae_Frankiales_Actinobacteria_Actinobacteria;0;0;0;0;0;0;0;0;0;0;0;0;0;0;0;0;0;0;0;0;0;0;0
Silanimonas_Xanthomonadaceae_Xanthomonadales_Gammaproteobacteria_Proteobacteria;0;0;0;0;0;0;0;0;0;0;0;0;0;0;0;0;0;0;0;0;0;0;0
Blautia_Lachnospiraceae_Clostridiales_Clostridia_Firmicutes;0;0;0;0;0;0;0;0;0;0;0;0;0;0;0;0;0;0;0;0;0;0;0,00118631
Roseomonas_Acetobacteraceae_Rhodospirillales_Alphaproteobacteria_Proteobacteria;0;0;0;0;0;0;0;0;0;0;0;0;0;0;0;0;0;0;0;0;0;0;0,00118631
Denitromonas_Rhodocyclaceae_Rhodocyclales_Betaproteobacteria_Proteobacteria;0;0;0;0;0;0;0;0;0;0;0;0;0;0;0;0;0;0;0;0;0;0;0
Maribacter_Flavobacteriaceae_Flavobacteriales_Flavobacteriia_Bacteroidetes;0;0;0;0;0;0;0;0;0;0;0;0;0;0;0;0;0;0;0;0;0;0;0
Tepidamorphus_Rhodobiaceae_Rhizobiales_Alphaproteobacteria_Proteobacteria;0;0;0;0;0;0;0;0;0;0;0;0;0;0;0;0;0;0;0;0;0;0;0
uncultured_Flammeovirgaceae_Cytophagales_Cytophagia_Bacteroidetes;0;0;0;0;0;0;0;0;0;0;0;0;0,001288461;0;0;0;0;0;0;0;0;0;0
_Chitinophagaceae_Sphingobacteriales_Sphingobacteriia_Bacteroidetes;0;0;0;0;0;0;0;0;0;0;0;0;0;0;0;0;0;0;0;0;0;0;0
Litoricola_Litoricolaceae_Oceanospirillales_Gammaproteobacteria_Proteobacteria;0;0;0;0;0;0;0;0;0;0;0;0;0;0;0;0;0;0;0;0;0;0;0
____Atribacteria;0;0;0;0;0;0;0;0;0;0;0;0;0;0;0;0;0;0;0;0;0;0;0
Empedobacter_Flavobacteriaceae_Flavobacteriales_Flavobacteriia_Bacteroidetes;0;0;0;0;0;0;0;0;0;0;0;0;0;0;0;0;0;0;0;0;0;0;0
Jeotgalibacillus_Planococcaceae_Bacillales_Bacilli_Firmicutes;0;0;0;0;0;0;0;0;0;0;0;0;0;0;0;0;0;0;0;0;0;0;0
Thiomonas_Burkholderiales-Incertae-Sedis_Burkholderiales_Betaproteobacteria_Proteobacteria;0;0;0;0;0;0;0;0;0;0;0;0;0;0;0;0;0;0;0;0;0;0;0
__aaa34a10_Gammaproteobacteria_Proteobacteria;0;0,001394243;0;0;0;0;0;0;0;0;0;0;0;0;0;0;0;0;0;0;0;0;0
Fodinicola_Cryptosporangiaceae_Frankiales_Actinobacteria_Actinobacteria;0;0;0;0;0;0;0;0;0;0;0;0;0;0;0;0;0;0;0;0;0;0;0
Brochothrix_Listeriaceae_Bacillales_Bacilli_Firmicutes;0;0;0;0;0;0;0;0;0;0;0;0;0;0;0;0;0;0;0;0;0;0;0
uncultured_Sphingobacteriaceae_Sphingobacteriales_Sphingobacteriia_Bacteroidetes;0;0;0;0;0;0;0;0;0;0;0;0;0;0;0;0;0;0;0;0;0;0;0
Desulfotomaculum_Peptococcaceae_Clostridiales_Clostridia_Firmicutes;0;0;0;0;0;0;0;0;0;0;0;0;0;0;0;0,001534766;0;0;0;0;0;0;0
Clostridium-sensu-stricto-1_Clostridiaceae-1_Clostridiales_Clostridia_Firmicutes;0;0;0;0;0;0;0;0;0;0;0;0;0;0;0;0;0;0;0;0;0;0;0
Haloplasma_Haloplasmataceae_Haloplasmatales_Mollicutes_Tenericutes;0;0;0;0;0;0;0;0;0;0;0;0;0;0;0;0;0;0;0;0;0;0;0
uncultured_Christensenellaceae_Clostridiales_Clostridia_Firmicutes;0;0;0;0;0;0;0;0;0;0;0;0;0;0;0;0;0;0;0;0;0;0;0
uncultured_Porphyromonadaceae_Bacteroidales_Bacteroidia_Bacteroidetes;0;0;0;0;0;0;0;0;0;0;0;0;0;0;0;0;0;0;0;0;0;0;0
uncultured_Coriobacteriaceae_Coriobacteriales_Coriobacteriia_Actinobacteria;0;0;0;0;0;0;0;0;0;0;0;0;0;0;0;0;0;0;0;0;0;0,001623377;0
_Erythrobacteraceae_Sphingomonadales_Alphaproteobacteria_Proteobacteria;0;0;0;0;0;0;0;0;0;0;0;0;0;0;0;0;0;0;0;0;0;0;0
Pseudoclavibacter_Microbacteriaceae_Micrococcales_Actinobacteria_Actinobacteria;0;0;0;0;0;0;0;0;0;0;0;0;0;0;0;0;0;0;0;0;0;0;0
_M113_Desulfuromonadales_Deltaproteobacteria_Proteobacteria;0;0;0;0;0;0;0;0;0;0;0;0;0;0;0;0;0;0;0;0;0;0;0
Gemmatimonas_Gemmatimonadaceae_Gemmatimonadales_Gemmatimonadetes_Gemmatimonadetes;0;0;0;0;0;0;0;0;0;0;0;0;0;0;0;0;0;0;0;0;0;0;0
____Armatimonadetes;0;0;0;0;0;0;0;0;0;0;0;0;0;0;0;0;0;0;0;0;0;0;0
uncultured_Desulfobacteraceae_Desulfobacterales_Deltaproteobacteria_Proteobacteria;0;0;0;0;0;0;0;0;0;0;0;0;0;0;0;0;0;0;0;0;0;0;0
Pelomonas_Comamonadaceae_Burkholderiales_Betaproteobacteria_Proteobacteria;0;0;0;0;0;0;0;0;0;0;0;0;0;0;0;0;0;0;0;0;0;0;0
_Hyphomonadaceae_Caulobacterales_Alphaproteobacteria_Proteobacteria;0;0;0;0;0;0;0;0;0;0;0;0;0;0;0;0;0;0;0;0;0;0;0
Rubidimonas_Saprospiraceae_Sphingobacteriales_Sphingobacteriia_Bacteroidetes;0;0;0;0;0;0;0;0;0;0;0;0;0;0;0;0;0;0;0;0;0;0;0
Rubrivirga_Rhodothermaceae_Order-II_Cytophagia_Bacteroidetes;0;0;0;0;0;0;0;0;0;0;0;0;0;0;0;0;0;0;0;0;0;0;0
Desulfosporosinus_Peptococcaceae_Clostridiales_Clostridia_Firmicutes;0;0;0;0;0;0;0;0;0;0;0;0;0;0;0;0;0;0;0;0,001848566;0;0;0
Trichococcus_Carnobacteriaceae_Lactobacillales_Bacilli_Firmicutes;0;0;0;0;0;0,001860171;0;0;0;0;0;0;0;0;0;0;0;0;0;0;0;0;0
Pibocella_Flavobacteriaceae_Flavobacteriales_Flavobacteriia_Bacteroidetes;0;0;0;0;0;0;0;0;0;0;0;0;0;0;0;0;0;0;0;0;0;0;0
Pseudopelagicola_Rhodobacteraceae_Rhodobacterales_Alphaproteobacteria_Proteobacteria;0;0;0;0;0;0;0;0;0;0;0;0;0;0;0;0;0;0;0;0;0;0;0
Acidothermus_Acidothermaceae_Frankiales_Actinobacteria_Actinobacteria;0;0;0;0;0;0;0;0;0;0;0;0;0,001932691;0;0;0;0;0;0;0;0;0;0
Castellaniella_Alcaligenaceae_Burkholderiales_Betaproteobacteria_Proteobacteria;0;0;0;0;0;0;0;0;0;0;0;0;0;0;0;0;0;0;0;0;0;0;0
_KCM-B-112_Acidithiobacillales_Gammaproteobacteria_Proteobacteria;0;0;0;0;0;0;0;0;0;0;0;0;0;0;0;0;0;0;0;0;0;0;0
Planktomarina_Rhodobacteraceae_Rhodobacterales_Alphaproteobacteria_Proteobacteria;0;0;0;0;0;0;0;0;0;0;0;0;0;0;0;0;0;0;0;0;0;0;0
____TM6;0;0;0;0;0;0;0;0;0;0;0;0;0;0;0;0;0;0;0;0;0;0;0
_Kazan-2B-17_Clostridiales_Clostridia_Firmicutes;0;0;0;0;0;0;0;0;0;0;0;0;0;0;0;0;0;0;0;0;0;0;0
Intestinibacter_Peptostreptococcaceae_Clostridiales_Clostridia_Firmicutes;0;0;0;0;0;0;0;0;0;0;0;0;0;0;0;0;0;0;0;0;0;0;0
_Ellin6055_Sphingomonadales_Alphaproteobacteria_Proteobacteria;0;0;0;0;0;0;0;0;0;0;0;0;0;0;0;0;0;0;0;0;0;0;0
Anaerobacillus_Bacillaceae_Bacillales_Bacilli_Firmicutes;0;0;0;0;0;0;0;0;0;0;0;0;0;0;0;0;0;0;0;0;0;0;0
uncultured_Piscirickettsiaceae_Thiotrichales_Gammaproteobacteria_Proteobacteria;0;0;0;0;0;0;0;0;0;0;0;0;0;0;0;0;0;0;0;0;0;0;0
Roseibacterium_Rhodobacteraceae_Rhodobacterales_Alphaproteobacteria_Proteobacteria;0;0;0;0;0;0;0;0;0;0;0;0;0;0;0;0;0;0;0;0;0;0;0
Bythopirellula_Planctomycetaceae_Planctomycetales_Planctomycetacia_Planctomycetes;0;0;0;0;0;0;0;0;0;0;0;0;0;0;0;0;0;0;0;0;0;0;0
Azospirillum_Rhodospirillaceae_Rhodospirillales_Alphaproteobacteria_Proteobacteria;0;0;0;0;0;0;0;0;0;0;0;0;0;0;0;0;0;0;0;0;0;0;0
Donghicola_Rhodobacteraceae_Rhodobacterales_Alphaproteobacteria_Proteobacteria;0;0;0;0;0;0;0;0;0;0;0;0;0;0;0;0;0;0;0;0;0;0;0
Hasllibacter_Rhodobacteraceae_Rhodobacterales_Alphaproteobacteria_Proteobacteria;0;0;0;0;0;0;0;0;0;0;0;0;0;0;0;0;0;0;0;0;0;0;0
Dechloromonas_Rhodocyclaceae_Rhodocyclales_Betaproteobacteria_Proteobacteria;0;0;0;0;0;0;0;0;0;0;0;0;0;0;0;0;0;0;0;0;0;0;0
Flaviramulus_Flavobacteriaceae_Flavobacteriales_Flavobacteriia_Bacteroidetes;0;0;0;0;0;0;0;0;0;0;0;0;0;0;0;0;0;0;0;0;0;0;0
Maritimibacter_Rhodobacteraceae_Rhodobacterales_Alphaproteobacteria_Proteobacteria;0;0;0;0;0;0;0;0;0;0;0;0;0;0;0;0;0;0;0;0;0;0;0
_JTB255-marine-benthic-group_Xanthomonadales_Gammaproteobacteria_Proteobacteria;0,001112991;0;0;0;0;0;0;0;0;0;0;0;0;0;0;0;0;0;0;0;0;0;0
__TRA3-20_Betaproteobacteria_Proteobacteria;0;0;0;0;0;0;0;0;0;0;0;0;0;0;0;0;0;0;0;0;0;0;0
Cryomorpha_Cryomorphaceae_Flavobacteriales_Flavobacteriia_Bacteroidetes;0;0;0;0;0;0;0;0;0;0;0;0;0;0;0;0;0;0;0;0;0;0;0
_ZD0405_Oceanospirillales_Gammaproteobacteria_Proteobacteria;0;0;0;0;0;0;0;0;0;0;0;0;0;0;0;0;0;0;0;0;0;0;0
Amaricoccus_Rhodobacteraceae_Rhodobacterales_Alphaproteobacteria_Proteobacteria;0;0;0;0;0;0;0;0;0;0;0;0;0;0;0;0;0;0;0;0;0;0;0
Synechococcus_FamilyI_SubsectionI_Cyanobacteria_Cyanobacteria;0;0;0;0;0;0;0;0;0;0;0;0;0;0;0;0;0;0;0;0;0;0;0
Candidatus-Thiobios_Unknown-Family_Unknown-Order_Proteobacteria-Incertae-Sedis_Proteobacteria;0;0;0,002441386;0;0;0;0;0;0;0;0;0;0;0;0;0;0;0;0;0;0;0;0
_MN-122.2a_Sphingomonadales_Alphaproteobacteria_Proteobacteria;0;0;0;0;0;0;0;0;0;0;0;0;0;0;0;0;0;0;0;0;0;0;0
Albimonas_Rhodobacteraceae_Rhodobacterales_Alphaproteobacteria_Proteobacteria;0;0;0;0;0;0;0;0;0;0;0;0;0;0;0;0;0;0;0;0;0;0;0
Oceanicella_Rhodobacteraceae_Rhodobacterales_Alphaproteobacteria_Proteobacteria;0;0;0;0;0;0;0;0;0;0;0;0;0;0;0;0;0;0;0;0;0;0;0
Henriciella_Hyphomonadaceae_Caulobacterales_Alphaproteobacteria_Proteobacteria;0,001112991;0;0;0;0;0;0;0;0;0;0;0;0;0;0;0;0;0;0;0;0;0;0
Anabaena_FamilyI_SubsectionIV_Cyanobacteria_Cyanobacteria;0;0;0;0,002617938;0;0;0;0;0;0;0;0;0;0;0;0;0;0;0;0;0;0;0
Dasania_Spongiibacteraceae_Cellvibrionales_Gammaproteobacteria_Proteobacteria;0;0;0;0,002617938;0;0;0;0;0;0;0;0;0;0;0;0;0;0;0;0;0;0;0
Lysinibacillus_Planococcaceae_Bacillales_Bacilli_Firmicutes;0;0;0;0;0;0;0;0;0;0;0;0;0;0;0;0;0;0;0;0;0;0;0
Turicibacter_Erysipelotrichaceae_Erysipelotrichales_Erysipelotrichia_Firmicutes;0;0;0;0;0;0;0;0;0,002642217;0;0;0;0;0;0;0;0;0;0;0;0;0;0
CL500-3_Phycisphaeraceae_Phycisphaerales_Phycisphaerae_Planctomycetes;0;0;0;0;0;0;0;0;0;0;0;0;0;0;0;0;0;0;0;0;0;0;0
Lachnospiraceae-UCG-001_Lachnospiraceae_Clostridiales_Clostridia_Firmicutes;0;0;0;0;0;0;0;0;0;0;0;0;0;0;0;0;0;0;0;0;0;0;0
Breoghania_Rhodobacteraceae_Rhodobacterales_Alphaproteobacteria_Proteobacteria;0;0;0;0;0;0;0;0;0;0;0;0;0;0;0;0;0;0;0;0;0;0;0
Paucibacter_Comamonadaceae_Burkholderiales_Betaproteobacteria_Proteobacteria;0;0;0;0;0;0;0;0;0;0;0;0;0;0;0;0;0;0;0;0;0;0;0
___ARKDMS-49_Proteobacteria;0;0;0;0;0;0;0;0;0;0;0;0;0;0;0;0;0;0;0;0;0;0;0
Bordetella_Alcaligenaceae_Burkholderiales_Betaproteobacteria_Proteobacteria;0;0;0;0;0;0;0;0;0;0;0;0;0;0;0;0;0;0;0;0;0;0;0
Salinirepens_Cryomorphaceae_Flavobacteriales_Flavobacteriia_Bacteroidetes;0;0;0;0;0;0;0;0;0;0;0;0;0;0;0;0;0;0;0;0;0;0;0
Paenirhodobacter_Rhodobacteraceae_Rhodobacterales_Alphaproteobacteria_Proteobacteria;0;0;0;0;0;0;0;0;0;0;0;0;0;0;0;0;0;0;0;0;0;0;0
Zymomonas_Sphingomonadaceae_Sphingomonadales_Alphaproteobacteria_Proteobacteria;0;0;0;0;0;0;0;0;0;0;0;0;0;0;0;0;0;0;0;0;0;0;0
Sulfuritalea_Rhodocyclaceae_Rhodocyclales_Betaproteobacteria_Proteobacteria;0;0;0;0;0;0;0;0;0;0;0;0;0;0;0;0;0;0;0;0;0;0;0
Veillonella_Veillonellaceae_Selenomonadales_Negativicutes_Firmicutes;0;0;0;0;0;0;0;0;0;0;0;0;0;0;0;0;0;0;0;0;0;0;0
Marinosulfonomonas_Rhodobacteraceae_Rhodobacterales_Alphaproteobacteria_Proteobacteria;0;0;0;0;0;0;0;0;0;0;0;0;0;0;0;0;0;0;0;0;0;0;0
Candidatus-Alysiosphaera_Rhodospirillales-Incertae-Sedis_Rhodospirillales_Alphaproteobacteria_Proteobacteria;0;0;0;0;0;0;0;0;0;0;0;0;0;0;0;0;0;0;0;0;0;0;0
Pelagicola_Rhodobacteraceae_Rhodobacterales_Alphaproteobacteria_Proteobacteria;0;0;0;0;0;0;0;0;0;0;0;0;0;0;0;0;0;0;0;0;0;0;0
Pseudoruegeria_Rhodobacteraceae_Rhodobacterales_Alphaproteobacteria_Proteobacteria;0;0;0;0;0;0;0;0;0;0;0;0;0;0;0;0;0;0;0,001753463;0;0;0;0
Lutimonas_Flavobacteriaceae_Flavobacteriales_Flavobacteriia_Bacteroidetes;0;0;0;0;0;0;0;0;0;0;0;0;0;0;0;0;0;0;0;0;0;0;0
_SM2D12_Rickettsiales_Alphaproteobacteria_Proteobacteria;0;0;0;0;0;0;0;0;0;0;0;0;0;0;0;0;0;0;0;0;0;0;0
_MNC12_Rhodospirillales_Alphaproteobacteria_Proteobacteria;0;0;0;0;0;0;0;0;0;0;0;0;0;0;0;0;0;0;0;0;0;0;0
___Bacteroidetes-VC2.1-Bac22_Bacteroidetes;0;0;0;0;0;0;0;0;0;0;0;0;0;0;0;0;0;0;0;0;0;0;0
Dietzia_Dietziaceae_Corynebacteriales_Actinobacteria_Actinobacteria;0;0;0;0;0;0;0;0;0;0;0;0;0;0;0;0;0;0;0;0;0;0;0
Xenophilus_Comamonadaceae_Burkholderiales_Betaproteobacteria_Proteobacteria;0;0;0;0;0;0;0;0;0;0;0;0;0;0;0;0;0;0;0;0;0;0;0
uncultured_Heliobacteriaceae_Clostridiales_Clostridia_Firmicutes;0,001669486;0;0;0;0;0;0;0;0;0;0;0;0;0;0;0;0;0;0;0;0;0;0
Prosthecomicrobium_Hyphomicrobiaceae_Rhizobiales_Alphaproteobacteria_Proteobacteria;0;0;0;0;0;0;0;0;0;0;0;0;0;0;0;0;0;0;0;0;0;0;0
Ulvibacter_Flavobacteriaceae_Flavobacteriales_Flavobacteriia_Bacteroidetes;0;0;0;0;0;0;0;0;0;0;0;0;0;0;0;0;0;0;0;0;0;0;0
uncultured_Peptococcaceae_Clostridiales_Clostridia_Firmicutes;0;0;0;0;0;0;0;0;0;0;0;0;0;0;0;0;0;0;0;0;0;0;0
Brevibacterium_Brevibacteriaceae_Micrococcales_Actinobacteria_Actinobacteria;0;0;0;0;0;0;0;0;0;0;0;0;0;0;0;0;0;0;0;0;0;0;0
Thiohalorhabdus_Unknown-Family_Gammaproteobacteria-Incertae-Sedis_Gammaproteobacteria_Proteobacteria;0;0;0;0;0;0;0;0;0;0;0;0;0;0;0;0;0;0;0;0;0;0;0
_EF100-94H03_Rickettsiales_Alphaproteobacteria_Proteobacteria;0,001112991;0;0;0;0;0;0;0;0;0;0;0;0;0;0;0;0;0;0;0;0;0;0
Corynebacterium_Corynebacteriaceae_Corynebacteriales_Actinobacteria_Actinobacteria;0;0;0;0;0;0;0;0;0;0;0;0;0;0;0;0;0;0;0;0;0;0;0
Ascidiaceihabitans_Rhodobacteraceae_Rhodobacterales_Alphaproteobacteria_Proteobacteria;0;0;0;0;0;0;0;0;0;0;0;0;0;0;0;0;0;0;0;0;0;0;0
uncultured_Rhodothermaceae_Order-II_Cytophagia_Bacteroidetes;0;0;0;0;0;0;0;0;0;0;0;0;0;0;0;0;0;0;0;0;0;0;0
Starkeya_Xanthobacteraceae_Rhizobiales_Alphaproteobacteria_Proteobacteria;0;0;0;0;0;0;0;0;0;0;0;0;0;0;0;0;0,003530107;0;0;0;0;0;0
Plesiomonas_Enterobacteriaceae_Enterobacteriales_Gammaproteobacteria_Proteobacteria;0;0;0;0;0;0;0;0;0;0;0;0;0;0;0;0;0;0;0;0;0;0;0
___Bacteroidetes-BD2-2_Bacteroidetes;0;0;0;0;0;0;0;0,00280749;0;0;0;0;0;0;0;0;0;0,000812869;0;0;0;0;0
Reinekea_Oceanospirillaceae_Oceanospirillales_Gammaproteobacteria_Proteobacteria;0;0;0;0;0;0;0;0;0;0;0;0;0;0;0;0;0;0;0;0;0;0;0
_LD29_Chthoniobacterales_Spartobacteria_Verrucomicrobia;0;0;0;0;0;0;0;0;0;0;0;0;0;0;0;0;0;0;0;0;0;0;0
Brucella_Brucellaceae_Rhizobiales_Alphaproteobacteria_Proteobacteria;0;0;0;0;0;0;0;0;0;0;0;0;0;0;0;0;0;0;0;0;0;0;0
Aquabacter_Xanthobacteraceae_Rhizobiales_Alphaproteobacteria_Proteobacteria;0;0;0;0;0;0;0;0;0;0;0;0;0;0;0;0;0;0;0;0;0;0;0
uncultured_Desulfovibrionaceae_Desulfovibrionales_Deltaproteobacteria_Proteobacteria;0;0;0;0;0;0;0;0;0;0;0;0;0;0;0;0,001534766;0;0;0;0;0;0;0
uncultured_Draconibacteriaceae_Bacteroidia-Incertae-Sedis_Bacteroidia_Bacteroidetes;0;0;0;0;0;0,001860171;0;0;0;0;0;0;0;0;0;0;0;0;0;0;0;0;0
_SUP05-cluster_Oceanospirillales_Gammaproteobacteria_Proteobacteria;0;0;0;0;0;0;0;0;0;0;0;0;0;0;0;0;0;0;0;0;0;0;0
uncultured_Nitrospinaceae_Desulfobacterales_Deltaproteobacteria_Proteobacteria;0;0;0;0;0;0;0;0;0;0;0;0;0;0;0;0;0;0;0;0;0;0;0
Zeaxanthinibacter_Flavobacteriaceae_Flavobacteriales_Flavobacteriia_Bacteroidetes;0;0;0;0;0;0;0;0;0,003963326;0;0;0;0;0;0;0;0;0;0;0;0;0;0
Neorhizobium_Rhizobiaceae_Rhizobiales_Alphaproteobacteria_Proteobacteria;0;0;0;0;0;0;0;0;0;0;0;0;0;0;0;0;0;0;0;0;0;0;0
Agrococcus_Microbacteriaceae_Micrococcales_Actinobacteria_Actinobacteria;0;0;0;0;0;0;0;0;0;0;0;0;0;0;0;0;0;0;0;0;0;0;0
Roseimaritima_Planctomycetaceae_Planctomycetales_Planctomycetacia_Planctomycetes;0;0;0;0;0;0;0;0;0;0;0;0;0;0;0;0;0;0;0;0;0;0;0
__Elev-16S-976_Actinobacteria_Actinobacteria;0;0;0;0;0;0;0;0;0;0;0;0;0;0;0;0;0;0;0;0;0;0;0
Paludibacter_Porphyromonadaceae_Bacteroidales_Bacteroidia_Bacteroidetes;0;0;0;0;0;0;0;0,004211236;0;0;0;0;0;0;0;0;0;0;0;0;0;0;0
Parafilimonas_Chitinophagaceae_Sphingobacteriales_Sphingobacteriia_Bacteroidetes;0;0;0;0;0;0;0;0;0;0;0;0;0;0;0;0;0;0;0;0;0;0;0
Methyloferula_Beijerinckiaceae_Rhizobiales_Alphaproteobacteria_Proteobacteria;0;0;0;0;0;0;0;0;0;0;0;0;0;0;0;0;0;0;0;0;0;0;0
Geodermatophilus_Geodermatophilaceae_Frankiales_Actinobacteria_Actinobacteria;0;0;0;0;0;0;0;0;0;0;0;0;0;0;0;0;0;0;0;0;0;0;0
__Rhizobiales_Alphaproteobacteria_Proteobacteria;0;0;0;0;0;0;0;0;0;0;0;0;0;0;0;0;0;0;0;0;0;0;0
____Parcubacteria;0;0;0;0;0;0;0;0;0;0;0;0;0;0;0;0;0;0;0;0;0;0;0
____SHA-109;0;0;0;0;0;0;0;0;0;0;0;0;0;0;0;0;0;0;0;0;0;0;0
___BSV13_Bacteroidetes;0;0;0;0;0;0;0;0;0;0;0;0;0;0;0;0;0;0;0;0;0;0;0
Marinobacter_Alteromonadaceae_Alteromonadales_Gammaproteobacteria_Proteobacteria;0;0;0;0;0;0;0;0;0;0;0;0;0;0;0;0;0;0;0;0;0;0;0
Mariprofundus_Mariprofundaceae_Mariprofundales_Zetaproteobacteria_Proteobacteria;0;0;0;0;0;0;0;0;0;0;0;0;0;0;0;0;0;0;0;0;0;0;0
Xanthomonas_Xanthomonadaceae_Xanthomonadales_Gammaproteobacteria_Proteobacteria;0;0;0;0;0;0;0;0;0;0;0;0;0;0;0;0;0;0;0;0;0;0;0
Propionibacterium_Propionibacteriaceae_Propionibacteriales_Actinobacteria_Actinobacteria;0;0;0;0;0;0;0;0;0;0;0;0;0;0;0;0;0;0;0;0;0;0;0
Roseisalinus_Rhodobacteraceae_Rhodobacterales_Alphaproteobacteria_Proteobacteria;0;0;0;0;0;0;0;0;0;0;0;0;0;0;0,00161624;0;0;0;0;0;0;0;0
Eoetvoesia_Alcaligenaceae_Burkholderiales_Betaproteobacteria_Proteobacteria;0;0;0;0;0;0;0;0;0;0;0;0;0;0;0;0;0;0;0;0;0;0;0
Photobacterium_Vibrionaceae_Vibrionales_Gammaproteobacteria_Proteobacteria;0;0;0;0;0;0;0;0;0;0;0;0;0;0;0;0;0;0;0;0;0;0;0
Caenimonas_Comamonadaceae_Burkholderiales_Betaproteobacteria_Proteobacteria;0;0;0;0;0;0;0;0;0;0;0;0;0;0;0;0;0;0;0;0;0;0;0
__UCT-N117_Betaproteobacteria_Proteobacteria;0;0;0,003255182;0;0;0;0;0;0;0;0;0;0;0;0;0;0;0,000812869;0;0;0;0;0
Sagittula_Rhodobacteraceae_Rhodobacterales_Alphaproteobacteria_Proteobacteria;0;0;0;0;0;0;0;0;0;0;0;0;0;0;0;0;0;0;0;0;0;0;0
Janthinobacterium_Oxalobacteraceae_Burkholderiales_Betaproteobacteria_Proteobacteria;0;0;0;0;0;0;0;0;0;0;0;0;0;0;0;0;0;0;0;0;0;0;0
Alicycliphilus_Comamonadaceae_Burkholderiales_Betaproteobacteria_Proteobacteria;0;0;0;0;0;0;0;0;0;0;0;0;0;0;0;0;0;0;0;0;0;0;0
Lachnospiraceae-UCG-004_Lachnospiraceae_Clostridiales_Clostridia_Firmicutes;0;0;0;0;0;0;0;0;0;0;0;0;0;0;0;0;0;0;0;0;0;0;0
Arenimonas_Xanthomonadaceae_Xanthomonadales_Gammaproteobacteria_Proteobacteria;0;0;0;0;0;0;0;0;0;0;0;0;0;0;0;0;0;0;0;0;0;0;0
_SAR86-clade_Oceanospirillales_Gammaproteobacteria_Proteobacteria;0;0;0;0;0;0;0;0;0;0;0;0;0;0;0;0;0;0;0;0;0;0;0
____Aminicenantes;0;0;0;0;0;0;0;0;0;0;0;0;0;0;0;0;0;0;0;0;0;0;0
_7B-8_Sphingomonadales_Alphaproteobacteria_Proteobacteria;0;0;0;0;0;0;0;0;0;0;0;0;0;0;0;0;0;0;0;0;0;0;0
Tenacibaculum_Flavobacteriaceae_Flavobacteriales_Flavobacteriia_Bacteroidetes;0;0;0;0;0;0;0;0;0;0;0;0;0;0;0;0;0;0;0;0;0;0;0
Thalassobius_Rhodobacteraceae_Rhodobacterales_Alphaproteobacteria_Proteobacteria;0;0;0;0;0;0;0;0;0;0;0;0;0;0;0;0;0;0;0;0;0;0;0
Nitrosococcus_Chromatiaceae_Chromatiales_Gammaproteobacteria_Proteobacteria;0,001669486;0;0;0;0;0;0;0;0;0;0;0;0;0;0;0;0;0;0;0;0;0;0
Thiothrix_Thiotrichaceae_Thiotrichales_Gammaproteobacteria_Proteobacteria;0;0;0;0;0;0;0;0;0;0;0;0;0;0;0;0;0;0;0;0;0;0;0
__Sphingomonadales_Alphaproteobacteria_Proteobacteria;0;0;0;0;0;0;0;0;0;0;0;0;0;0;0;0;0;0;0;0;0;0,002164502;0
_ORCA-3N101_Sphingomonadales_Alphaproteobacteria_Proteobacteria;0;0;0;0;0;0;0;0;0;0;0;0;0;0;0;0;0;0;0;0;0;0;0
Sedimentitalea_Rhodobacteraceae_Rhodobacterales_Alphaproteobacteria_Proteobacteria;0;0;0;0;0;0;0;0;0;0;0;0;0;0;0;0;0;0;0;0;0;0;0
_Pseudomonadaceae_Pseudomonadales_Gammaproteobacteria_Proteobacteria;0;0;0;0;0;0;0;0;0;0;0;0;0;0;0;0;0;0;0;0;0;0;0
Flexithrix_Flammeovirgaceae_Cytophagales_Cytophagia_Bacteroidetes;0;0;0;0;0;0;0;0;0,003963326;0;0;0;0;0;0;0;0;0;0;0;0;0;0
__Subgroup-6_Acidobacteria_Acidobacteria;0;0;0,002441386;0;0;0;0;0;0;0;0;0;0;0;0;0;0;0;0;0;0;0;0
Phycicola_Microbacteriaceae_Micrococcales_Actinobacteria_Actinobacteria;0;0;0;0;0;0;0;0;0;0;0;0;0;0;0;0;0;0;0;0;0;0;0
Advenella_Alcaligenaceae_Burkholderiales_Betaproteobacteria_Proteobacteria;0;0;0;0;0;0;0;0;0;0;0;0;0;0;0;0;0;0;0;0;0;0;0
___Chloroplast_Cyanobacteria;0;0;0;0;0;0;0;0;0;0;0;0;0;0;0;0;0;0;0;0;0;0;0
Acidocella_Acetobacteraceae_Rhodospirillales_Alphaproteobacteria_Proteobacteria;0;0;0;0;0;0;0;0;0;0;0;0;0;0;0;0;0;0;0;0;0;0;0
Leucothrix_Thiotrichaceae_Thiotrichales_Gammaproteobacteria_Proteobacteria;0;0;0;0;0;0;0;0;0;0;0;0;0;0;0;0;0;0;0;0;0;0;0
_Aurantimonadaceae_Rhizobiales_Alphaproteobacteria_Proteobacteria;0;0;0;0;0;0;0;0;0;0;0;0;0;0;0;0;0;0;0;0;0;0;0
Oceanobacterium_Rhodobacteraceae_Rhodobacterales_Alphaproteobacteria_Proteobacteria;0,001112991;0;0;0;0;0;0;0;0;0;0;0;0;0;0;0;0;0;0;0;0;0,001623377;0
Ramlibacter_Comamonadaceae_Burkholderiales_Betaproteobacteria_Proteobacteria;0;0;0;0;0;0;0;0;0;0;0;0;0;0;0;0;0;0;0;0;0;0;0
Herbaspirillum_Oxalobacteraceae_Burkholderiales_Betaproteobacteria_Proteobacteria;0;0;0;0;0;0;0;0;0;0;0;0;0;0;0;0;0;0;0;0;0;0;0
Kiloniella_Sphingomonadales-Incertae-Sedis_Sphingomonadales_Alphaproteobacteria_Proteobacteria;0;0;0;0;0;0;0;0;0;0;0;0;0;0;0;0;0;0;0;0;0;0;0
uncultured_Neisseriaceae_Neisseriales_Betaproteobacteria_Proteobacteria;0;0;0;0;0;0;0;0;0;0;0;0;0;0;0;0;0;0;0;0;0;0;0
Luteibacter_Xanthomonadaceae_Xanthomonadales_Gammaproteobacteria_Proteobacteria;0;0;0;0;0;0;0;0;0;0;0;0;0;0;0;0;0;0;0;0;0;0;0
Rubrivivax_Comamonadaceae_Burkholderiales_Betaproteobacteria_Proteobacteria;0;0;0;0;0;0;0;0;0;0;0;0;0;0;0;0;0;0;0;0;0;0;0
__GR-WP33-30_Deltaproteobacteria_Proteobacteria;0,001112991;0;0;0;0;0;0;0;0;0;0;0;0;0;0;0;0;0;0;0;0;0;0
Thermomonas_Xanthomonadaceae_Xanthomonadales_Gammaproteobacteria_Proteobacteria;0;0;0;0;0;0;0;0;0;0;0;0;0;0;0;0;0;0;0;0;0;0;0
Luteimonas_Xanthomonadaceae_Xanthomonadales_Gammaproteobacteria_Proteobacteria;0;0;0;0;0;0;0;0;0;0;0;0;0;0;0;0;0;0;0;0;0;0;0
Roseobacter-clade-NAC11-7-lineage_Rhodobacteraceae_Rhodobacterales_Alphaproteobacteria_Proteobacteria;0;0;0;0;0;0;0;0;0;0;0;0;0;0;0;0;0;0;0;0;0;0;0
Portibacter_Saprospiraceae_Sphingobacteriales_Sphingobacteriia_Bacteroidetes;0;0;0;0;0;0;0;0;0;0;0;0;0;0;0;0;0;0;0;0;0;0;0
Staphylococcus_Staphylococcaceae_Bacillales_Bacilli_Firmicutes;0;0;0;0;0;0;0;0;0;0;0;0;0;0;0;0;0;0;0;0;0,001511899;0;0
NS3a-marine-group_Flavobacteriaceae_Flavobacteriales_Flavobacteriia_Bacteroidetes;0;0;0;0;0;0;0;0;0;0;0;0;0;0;0;0;0;0;0;0;0;0;0
__C0119_Ktedonobacteria_Chloroflexi;0;0;0;0;0;0;0;0;0;0;0;0;0;0;0;0;0;0;0;0;0;0;0
Puniceibacterium_Rhodobacteraceae_Rhodobacterales_Alphaproteobacteria_Proteobacteria;0;0;0;0;0;0;0;0;0;0;0;0;0;0;0;0;0;0;0;0;0;0;0
__Rhodospirillales_Alphaproteobacteria_Proteobacteria;0;0;0;0;0;0;0;0;0;0;0;0;0;0;0;0;0;0;0;0;0;0;0
Chelativorans_Phyllobacteriaceae_Rhizobiales_Alphaproteobacteria_Proteobacteria;0;0;0;0,001745292;0;0;0;0;0;0;0;0;0;0;0;0;0;0;0;0;0;0;0
uncultured_Verrucomicrobiaceae_Verrucomicrobiales_Verrucomicrobiae_Verrucomicrobia;0;0;0;0;0;0;0;0;0;0;0;0;0;0;0;0;0;0;0;0;0;0;0
_Moraxellaceae_Pseudomonadales_Gammaproteobacteria_Proteobacteria;0;0;0;0;0;0;0;0;0;0;0;0;0;0;0;0;0;0;0;0;0;0;0
Pseudophaeobacter_Rhodobacteraceae_Rhodobacterales_Alphaproteobacteria_Proteobacteria;0;0;0;0;0;0;0;0;0;0;0;0;0;0;0;0;0;0;0;0;0;0;0
Rikenellaceae-RC9-gut-group_Rikenellaceae_Bacteroidales_Bacteroidia_Bacteroidetes;0;0;0;0;0;0;0;0;0;0;0;0;0;0;0;0;0;0,001219304;0;0;0;0;0
Tropicibacter_Rhodobacteraceae_Rhodobacterales_Alphaproteobacteria_Proteobacteria;0;0;0;0;0;0;0;0;0;0;0;0;0;0;0;0;0;0;0;0;0;0;0
Methyloceanibacter_Rhodobiaceae_Rhizobiales_Alphaproteobacteria_Proteobacteria;0;0;0;0;0;0;0;0;0;0;0;0;0;0;0,00161624;0,001534766;0;0;0;0;0,002267848;0;0
Porphyrobacter_Erythrobacteraceae_Sphingomonadales_Alphaproteobacteria_Proteobacteria;0,001112991;0;0;0;0;0;0;0;0;0;0;0;0;0;0;0;0;0;0;0;0;0;0
uncultured_Oxalobacteraceae_Burkholderiales_Betaproteobacteria_Proteobacteria;0;0;0;0;0;0;0;0;0;0;0;0;0;0;0;0;0;0;0;0;0;0;0
__SAR324-clade(Marine-group-B)_Deltaproteobacteria_Proteobacteria;0;0;0;0;0;0;0;0;0;0;0;0;0;0;0;0;0;0;0;0;0;0;0
_480-2_Solirubrobacterales_Thermoleophilia_Actinobacteria;0;0;0;0;0;0;0;0;0,002642217;0;0;0;0;0;0;0;0;0;0;0;0;0;0
Actibacterium_Rhodobacteraceae_Rhodobacterales_Alphaproteobacteria_Proteobacteria;0;0;0;0;0;0;0;0;0;0;0;0;0;0;0;0;0;0;0;0;0;0;0
Spongiibacter_Spongiibacteraceae_Cellvibrionales_Gammaproteobacteria_Proteobacteria;0;0;0;0;0;0;0;0;0;0;0;0;0;0;0;0;0;0;0;0;0;0;0
uncultured_Holophagaceae_Holophagales_Holophagae_Acidobacteria;0,002225982;0;0;0;0;0;0;0;0;0;0;0;0;0;0;0;0;0;0;0;0;0;0
uncultured_Planctomycetaceae_Planctomycetales_Planctomycetacia_Planctomycetes;0;0;0;0;0;0;0;0;0;0;0;0;0;0;0;0;0;0;0;0;0;0;0
Jannaschia_Rhodobacteraceae_Rhodobacterales_Alphaproteobacteria_Proteobacteria;0,003338972;0;0;0;0;0;0;0;0;0;0;0;0;0;0;0;0;0;0;0;0;0;0
___028H05-P-BN-P5_Planctomycetes;0;0;0;0;0;0;0;0;0;0;0;0;0;0;0;0;0;0;0;0;0;0;0
Alcanivorax_Alcanivoracaceae_Oceanospirillales_Gammaproteobacteria_Proteobacteria;0;0;0;0;0;0;0;0;0;0;0;0;0;0;0;0;0;0;0;0;0;0;0
Vitellibacter_Flavobacteriaceae_Flavobacteriales_Flavobacteriia_Bacteroidetes;0;0;0;0;0;0;0;0;0;0;0;0;0;0;0;0;0;0;0;0;0;0;0
Jahnella_Polyangiaceae_Myxococcales_Deltaproteobacteria_Proteobacteria;0;0;0;0;0;0;0;0;0;0;0;0;0;0;0;0;0;0;0;0;0;0;0
Aquicella_Coxiellaceae_Legionellales_Gammaproteobacteria_Proteobacteria;0;0;0;0;0;0;0;0;0;0;0;0;0;0;0;0;0;0;0;0;0;0;0
Pleomorphomonas_Methylocystaceae_Rhizobiales_Alphaproteobacteria_Proteobacteria;0;0;0;0;0;0;0;0;0;0;0;0;0;0;0;0;0;0;0;0;0;0;0
Roseobacter_Rhodobacteraceae_Rhodobacterales_Alphaproteobacteria_Proteobacteria;0;0;0;0;0;0;0;0;0;0;0;0;0;0;0;0;0;0;0;0;0;0;0
_WW2-159_Sphingomonadales_Alphaproteobacteria_Proteobacteria;0;0;0;0;0;0;0;0;0;0;0;0;0;0;0;0;0;0;0;0;0;0;0
Thiogranum_Ectothiorhodospiraceae_Chromatiales_Gammaproteobacteria_Proteobacteria;0;0;0;0;0;0;0;0;0;0;0;0;0,001932691;0;0;0;0;0;0;0;0;0;0
Clostridium-sensu-stricto-13_Clostridiaceae-1_Clostridiales_Clostridia_Firmicutes;0;0;0,001627591;0;0;0;0;0;0;0;0;0;0,003221151;0;0;0;0;0;0;0;0;0;0
Cloacibacterium_Flavobacteriaceae_Flavobacteriales_Flavobacteriia_Bacteroidetes;0;0;0;0;0;0;0;0;0;0;0;0;0;0;0;0;0;0;0;0;0;0;0
_uncultured_Sphingomonadales_Alphaproteobacteria_Proteobacteria;0;0;0;0;0;0;0;0;0;0;0;0;0;0;0;0;0;0;0;0;0;0;0
Lutibacter_Flavobacteriaceae_Flavobacteriales_Flavobacteriia_Bacteroidetes;0;0;0;0;0;0;0;0;0;0;0;0;0,001932691;0;0;0,002302149;0;0;0;0;0;0;0
_DA111_Rhodospirillales_Alphaproteobacteria_Proteobacteria;0;0;0;0;0;0;0;0;0;0;0;0;0;0;0;0;0;0;0,001753463;0;0;0;0
Anderseniella_Rhodobiaceae_Rhizobiales_Alphaproteobacteria_Proteobacteria;0;0;0;0;0;0;0;0;0;0;0;0;0;0;0;0;0;0;0;0;0;0;0
__PeM15_Actinobacteria_Actinobacteria;0;0;0;0;0;0;0;0;0;0;0;0;0;0,003907586;0;0;0;0;0;0;0;0;0
Luteibaculum_Cryomorphaceae_Flavobacteriales_Flavobacteriia_Bacteroidetes;0;0;0;0;0;0;0;0;0;0;0;0;0;0;0;0;0;0;0;0;0;0;0
__Sh765B-TzT-29_Deltaproteobacteria_Proteobacteria;0;0;0;0;0;0;0;0;0;0;0,001867832;0;0;0;0;0;0;0;0;0;0;0;0
Thalassolituus_Oceanospirillaceae_Oceanospirillales_Gammaproteobacteria_Proteobacteria;0;0;0;0;0;0;0;0;0;0;0;0;0;0;0;0;0;0;0;0;0;0;0
_OM182-clade_Oceanospirillales_Gammaproteobacteria_Proteobacteria;0;0;0;0;0;0;0;0;0;0;0;0;0;0;0;0;0;0;0;0;0;0;0
Shimia_Rhodobacteraceae_Rhodobacterales_Alphaproteobacteria_Proteobacteria;0;0;0;0;0;0;0;0;0,002642217;0;0;0;0;0;0;0;0;0;0;0;0,003023797;0,001082251;0
uncultured_Vibrionaceae_Vibrionales_Gammaproteobacteria_Proteobacteria;0;0;0;0;0;0;0;0;0;0;0;0;0;0;0;0;0;0;0;0;0;0;0
uncultured_Corynebacteriaceae_Corynebacteriales_Actinobacteria_Actinobacteria;0;0;0;0;0;0;0;0;0,002642217;0;0;0;0;0;0,00161624;0;0;0;0;0;0;0;0
uncultured_Rhodocyclaceae_Rhodocyclales_Betaproteobacteria_Proteobacteria;0,001669486;0;0;0;0,002941032;0;0;0;0;0;0;0;0;0;0,00161624;0;0,001765054;0;0;0;0;0;0
uncultured_Dermatophilaceae_Micrococcales_Actinobacteria_Actinobacteria;0;0;0;0;0;0;0;0;0;0;0;0;0;0;0;0;0;0,000812869;0;0;0;0;0
Bacteriovorax_Bacteriovoracaceae_Bdellovibrionales_Deltaproteobacteria_Proteobacteria;0;0;0;0;0;0;0;0;0;0;0;0;0;0;0;0;0;0;0;0;0;0;0
_uncultured_Acidimicrobiales_Acidimicrobiia_Actinobacteria;0;0;0;0;0;0;0;0;0;0;0;0;0;0;0;0;0;0;0;0;0;0;0
_AT-s3-44_Rhodospirillales_Alphaproteobacteria_Proteobacteria;0;0;0;0;0;0;0;0;0;0;0;0;0;0;0,00161624;0;0;0;0;0;0;0;0
Pusillimonas_Alcaligenaceae_Burkholderiales_Betaproteobacteria_Proteobacteria;0;0;0;0;0;0;0;0;0;0;0;0;0;0;0;0;0;0;0;0;0;0;0
___JG30-KF-CM66_Chloroflexi;0;0;0;0;0;0;0;0;0;0;0;0;0;0;0;0;0;0;0;0;0;0;0
Endozoicomonas_Hahellaceae_Oceanospirillales_Gammaproteobacteria_Proteobacteria;0;0;0;0;0;0;0;0;0;0;0;0;0;0;0;0;0;0;0;0;0;0;0
Streptococcus_Streptococcaceae_Lactobacillales_Bacilli_Firmicutes;0;0,001394243;0;0;0;0;0;0;0;0;0;0;0;0;0;0;0;0;0;0;0;0;0
_Sphingomonadaceae_Sphingomonadales_Alphaproteobacteria_Proteobacteria;0;0;0;0;0;0;0;0;0;0;0;0;0;0;0;0;0;0;0;0;0;0;0
uncultured_Flavobacteriaceae_Flavobacteriales_Flavobacteriia_Bacteroidetes;0;0;0;0;0;0;0;0;0;0;0;0;0;0;0;0;0;0;0;0;0;0;0
Colwellia_Colwelliaceae_Alteromonadales_Gammaproteobacteria_Proteobacteria;0;0;0;0;0;0;0;0;0;0;0;0;0;0;0;0;0;0;0;0;0;0;0
__Apr-15_Bacilli_Firmicutes;0;0;0;0;0;0;0;0;0;0;0;0;0;0;0;0;0;0;0;0;0;0;0
Dichotomicrobium_Hyphomicrobiaceae_Rhizobiales_Alphaproteobacteria_Proteobacteria;0;0;0,001627591;0;0;0;0;0;0,002642217;0;0,001867832;0;0;0;0;0;0;0;0;0;0;0;0,001779465
Rubellimicrobium_Rhodobacteraceae_Rhodobacterales_Alphaproteobacteria_Proteobacteria;0;0;0;0;0;0;0;0;0;0;0;0;0;0;0;0;0;0;0;0;0;0;0
Azospira_Rhodocyclaceae_Rhodocyclales_Betaproteobacteria_Proteobacteria;0;0,001394243;0;0,002617938;0;0;0;0;0;0;0;0,003686862;0;0;0;0;0;0;0;0;0;0;0
Frankia_Frankiaceae_Frankiales_Actinobacteria_Actinobacteria;0;0;0;0;0;0;0;0,012633707;0;0;0;0;0;0;0;0;0;0;0;0;0;0;0
Rhodopseudomonas_Bradyrhizobiaceae_Rhizobiales_Alphaproteobacteria_Proteobacteria;0;0;0;0;0;0;0;0;0;0;0;0;0;0;0;0;0;0;0;0;0;0;0
__E6aD10_Alphaproteobacteria_Proteobacteria;0;0;0;0;0;0;0;0;0;0;0;0;0;0;0;0;0;0;0;0;0;0;0
uncultured_Microbacteriaceae_Micrococcales_Actinobacteria_Actinobacteria;0;0;0;0;0;0;0;0;0;0;0;0;0;0;0;0;0;0;0;0;0;0;0
Ferriphaselus_Gallionellaceae_Nitrosomonadales_Betaproteobacteria_Proteobacteria;0;0;0;0;0;0;0;0;0;0;0;0;0;0;0;0;0;0;0;0,001848566;0;0;0
Microvirga_Methylobacteriaceae_Rhizobiales_Alphaproteobacteria_Proteobacteria;0;0;0;0;0;0;0;0;0;0;0;0;0;0;0;0;0;0;0;0;0;0;0
Frondihabitans_Microbacteriaceae_Micrococcales_Actinobacteria_Actinobacteria;0;0;0;0;0;0;0;0;0;0;0;0;0;0,001953793;0;0;0;0;0;0;0;0;0
Methylovirgula_Beijerinckiaceae_Rhizobiales_Alphaproteobacteria_Proteobacteria;0;0;0;0;0;0;0;0;0;0;0;0;0;0;0;0;0;0;0;0;0;0;0
_MND8_Rhodospirillales_Alphaproteobacteria_Proteobacteria;0,002782477;0;0;0;0,002941032;0;0;0;0;0;0;0;0,001288461;0;0;0;0;0;0;0;0;0;0
Aurantimonas_Aurantimonadaceae_Rhizobiales_Alphaproteobacteria_Proteobacteria;0;0;0;0;0;0;0;0;0;0;0;0;0;0;0;0;0;0;0;0;0;0;0
Streptomyces_Streptomycetaceae_Streptomycetales_Actinobacteria_Actinobacteria;0;0;0;0;0;0;0;0;0;0;0;0;0;0;0;0;0;0;0;0;0;0;0
Labrenzia_Rhodobacteraceae_Rhodobacterales_Alphaproteobacteria_Proteobacteria;0,002782477;0;0;0;0;0,002790256;0;0;0;0;0;0,003686862;0;0;0;0;0;0;0;0;0;0;0
Vibrio_Vibrionaceae_Vibrionales_Gammaproteobacteria_Proteobacteria;0;0;0;0;0;0;0;0;0;0;0;0;0;0;0;0;0;0;0;0;0;0;0
Magnetospira_Rhodospirillaceae_Rhodospirillales_Alphaproteobacteria_Proteobacteria;0;0;0;0;0;0,004650427;0;0;0;0;0;0;0;0;0;0;0;0;0;0;0;0;0
Rhodoglobus_Microbacteriaceae_Micrococcales_Actinobacteria_Actinobacteria;0;0;0;0;0;0;0;0;0;0;0;0;0;0;0;0;0;0;0;0;0;0;0
_TM146_Solirubrobacterales_Thermoleophilia_Actinobacteria;0;0;0;0;0;0;0;0;0;0;0;0;0;0;0;0;0;0;0;0;0;0;0
uncultured_Nitrosomonadaceae_Nitrosomonadales_Betaproteobacteria_Proteobacteria;0;0;0;0;0;0;0;0;0;0;0;0;0;0;0;0;0;0,000812869;0;0;0;0;0
Xylophilus_Comamonadaceae_Burkholderiales_Betaproteobacteria_Proteobacteria;0;0;0;0;0;0;0;0;0;0;0;0;0;0;0;0;0;0;0;0;0,005291645;0;0
Herminiimonas_Oxalobacteraceae_Burkholderiales_Betaproteobacteria_Proteobacteria;0;0;0;0;0;0;0;0;0;0;0;0;0;0;0;0;0;0;0;0;0;0;0
Cohaesibacter_Phyllobacteriaceae_Rhizobiales_Alphaproteobacteria_Proteobacteria;0;0;0;0;0;0;0;0;0;0;0;0,002457908;0;0;0;0;0;0;0;0;0;0;0
_Xanthobacteraceae_Rhizobiales_Alphaproteobacteria_Proteobacteria;0;0;0;0;0;0;0;0;0;0;0;0;0;0;0;0,007673831;0;0;0;0;0;0;0
Leucobacter_Microbacteriaceae_Micrococcales_Actinobacteria_Actinobacteria;0;0;0;0;0;0;0;0;0;0;0;0;0;0;0;0;0;0;0;0;0;0;0
Klebsiella_Enterobacteriaceae_Enterobacteriales_Gammaproteobacteria_Proteobacteria;0;0;0;0;0;0;0;0;0;0;0;0;0;0;0;0;0;0;0;0;0;0;0
uncultured_Cyclobacteriaceae_Cytophagales_Cytophagia_Bacteroidetes;0;0;0;0;0;0;0;0;0;0;0;0;0;0;0;0;0;0;0;0;0;0;0
Afipia_Bradyrhizobiaceae_Rhizobiales_Alphaproteobacteria_Proteobacteria;0;0;0;0;0;0;0;0;0;0;0;0;0;0;0;0;0;0;0;0;0;0;0
Tropicimonas_Rhodobacteraceae_Rhodobacterales_Alphaproteobacteria_Proteobacteria;0;0;0;0;0;0;0;0;0;0;0;0;0;0;0;0;0;0;0;0;0;0;0
_NS9-marine-group_Flavobacteriales_Flavobacteriia_Bacteroidetes;0,001112991;0;0;0;0;0,001860171;0,002961515;0;0;0;0;0;0;0;0;0;0;0;0;0;0;0;0
___TA18_Proteobacteria;0;0;0;0;0;0;0;0;0;0;0;0;0;0;0;0;0;0;0;0;0;0;0,00237262
Enterobacter_Enterobacteriaceae_Enterobacteriales_Gammaproteobacteria_Proteobacteria;0;0;0;0;0;0;0;0;0;0;0;0;0;0;0;0;0;0;0;0;0;0;0
uncultured_Methylophilaceae_Methylophilales_Betaproteobacteria_Proteobacteria;0;0;0;0;0;0;0;0;0;0;0;0;0;0;0;0;0;0;0;0;0;0;0
Xanthobacter_Xanthobacteraceae_Rhizobiales_Alphaproteobacteria_Proteobacteria;0;0;0;0;0;0;0;0;0;0;0;0;0;0;0;0;0;0;0;0;0;0;0
Stenotrophomonas_Xanthomonadaceae_Xanthomonadales_Gammaproteobacteria_Proteobacteria;0;0;0;0;0;0;0;0;0;0;0;0;0;0;0;0;0;0;0;0;0;0;0
Pelagibacterium_Hyphomicrobiaceae_Rhizobiales_Alphaproteobacteria_Proteobacteria;0;0;0;0;0;0;0;0;0;0;0,00466958;0;0;0;0,00323248;0;0;0,000812869;0,007013852;0;0;0;0
Smithella_Syntrophaceae_Syntrophobacterales_Deltaproteobacteria_Proteobacteria;0;0;0;0;0;0;0;0;0;0;0;0;0,001932691;0;0;0;0;0;0;0;0;0;0
Parasphingopyxis_Sphingomonadaceae_Sphingomonadales_Alphaproteobacteria_Proteobacteria;0;0;0;0;0;0;0;0;0;0;0;0;0;0;0;0;0;0;0;0;0;0;0
Maritalea_Hyphomicrobiaceae_Rhizobiales_Alphaproteobacteria_Proteobacteria;0;0;0;0,001745292;0;0;0;0;0;0;0;0;0;0;0;0;0;0;0;0;0;0;0
OM27-clade_Bdellovibrionaceae_Bdellovibrionales_Deltaproteobacteria_Proteobacteria;0;0;0;0;0;0;0;0;0;0;0;0;0;0;0;0;0;0;0;0;0;0;0
__OCS116-clade_Alphaproteobacteria_Proteobacteria;0;0,002091365;0;0;0,002941032;0;0;0;0;0;0;0;0,001288461;0;0;0;0;0,001219304;0,005260389;0;0;0;0
Roseivivax_Rhodobacteraceae_Rhodobacterales_Alphaproteobacteria_Proteobacteria;0;0;0;0;0;0;0;0;0;0;0;0;0;0;0;0;0;0;0;0;0;0;0
Nesiotobacter_Rhodobacteraceae_Rhodobacterales_Alphaproteobacteria_Proteobacteria;0;0,004879851;0;0,001745292;0;0;0;0,00280749;0,003963326;0,003554134;0,003735664;0;0;0;0;0,003836916;0,001765054;0;0;0;0;0,004329004;0
Thiobacillus_Hydrogenophilaceae_Hydrogenophilales_Betaproteobacteria_Proteobacteria;0;0;0,003255182;0;0,002941032;0;0;0;0;0;0;0;0;0,002930689;0,00323248;0,001534766;0;0,000812869;0,002630195;0,003697131;0,001511899;0;0
Skermanella_Rhodospirillaceae_Rhodospirillales_Alphaproteobacteria_Proteobacteria;0;0,002091365;0;0;0;0,004650427;0;0;0,006605543;0;0;0;0;0;0,0040406;0;0;0;0;0;0;0;0
Dokdonia_Flavobacteriaceae_Flavobacteriales_Flavobacteriia_Bacteroidetes;0;0;0;0;0;0;0;0;0;0;0;0;0;0;0;0;0,001765054;0;0;0;0;0;0,001779465
___Elev-16S-509_Proteobacteria;0;0;0;0;0;0;0;0;0;0;0;0;0;0;0,00161624;0;0;0;0;0;0;0,001082251;0
Roseicyclus_Rhodobacteraceae_Rhodobacterales_Alphaproteobacteria_Proteobacteria;0;0;0;0;0;0;0;0;0;0;0;0;0;0;0;0;0;0;0;0;0;0;0
uncultured_Bradyrhizobiaceae_Rhizobiales_Alphaproteobacteria_Proteobacteria;0;0;0;0;0;0,002790256;0;0;0;0,001777067;0;0;0;0;0,00242436;0,002302149;0;0;0;0;0;0;0
Tateyamaria_Rhodobacteraceae_Rhodobacterales_Alphaproteobacteria_Proteobacteria;0;0;0;0;0;0;0;0;0;0;0;0;0;0;0,00161624;0;0;0;0;0;0;0;0
Thioclava_Rhodobacteraceae_Rhodobacterales_Alphaproteobacteria_Proteobacteria;0;0;0;0;0;0;0;0;0;0;0;0;0;0;0;0;0;0;0;0;0;0;0
Kaistia_Rhizobiaceae_Rhizobiales_Alphaproteobacteria_Proteobacteria;0,003338972;0;0;0;0;0,002790256;0;0;0;0;0;0;0;0,001953793;0;0;0,007060215;0,000812869;0;0;0;0;0,00355893
Paucimonas_Oxalobacteraceae_Burkholderiales_Betaproteobacteria_Proteobacteria;0;0;0;0;0;0;0;0;0;0;0;0;0;0;0;0;0;0;0;0;0;0;0
Yangia_Rhodobacteraceae_Rhodobacterales_Alphaproteobacteria_Proteobacteria;0,002225982;0;0;0;0;0,001860171;0;0;0;0;0;0;0;0;0;0;0;0,001625739;0;0;0;0;0
Neptunomonas_Oceanospirillaceae_Oceanospirillales_Gammaproteobacteria_Proteobacteria;0;0;0;0;0;0;0;0;0;0;0;0;0;0;0;0;0;0;0;0;0;0;0
Alteromonas_Alteromonadaceae_Alteromonadales_Gammaproteobacteria_Proteobacteria;0;0;0;0,002617938;0;0;0;0;0,002642217;0,001777067;0;0;0;0;0;0;0;0;0;0,001848566;0;0;0
uncultured_Phycisphaeraceae_Phycisphaerales_Phycisphaerae_Planctomycetes;0;0;0;0;0;0;0;0;0,002642217;0;0;0;0;0;0;0;0;0;0;0;0;0;0
CB31G03_Microbacteriaceae_Micrococcales_Actinobacteria_Actinobacteria;0;0;0;0;0;0;0;0;0;0;0;0;0;0;0;0;0;0;0;0;0;0;0
Sandaracinus_Sandaracinaceae_Myxococcales_Deltaproteobacteria_Proteobacteria;0;0;0;0;0;0;0;0;0;0;0;0;0;0;0;0;0;0;0;0;0;0;0
BD1-7-clade_Spongiibacteraceae_Cellvibrionales_Gammaproteobacteria_Proteobacteria;0;0;0;0;0;0;0;0;0;0;0;0;0;0;0;0;0;0;0;0;0;0;0
uncultured_Aurantimonadaceae_Rhizobiales_Alphaproteobacteria_Proteobacteria;0,002782477;0;0;0;0;0,001860171;0;0;0;0;0;0;0;0;0;0;0;0;0;0,001848566;0;0;0
uncultured_Saprospiraceae_Sphingobacteriales_Sphingobacteriia_Bacteroidetes;0;0;0;0;0;0;0;0;0;0;0;0;0;0;0;0;0;0;0;0;0;0;0
uncultured_Oceanospirillaceae_Oceanospirillales_Gammaproteobacteria_Proteobacteria;0;0;0;0;0;0;0;0,00280749;0;0;0;0;0;0,001953793;0;0;0;0;0;0;0;0;0
Jhaorihella_Rhodobacteraceae_Rhodobacterales_Alphaproteobacteria_Proteobacteria;0;0;0;0;0;0;0;0;0;0;0;0;0;0;0;0;0;0;0;0;0;0;0
Rhodoplanes_Hyphomicrobiaceae_Rhizobiales_Alphaproteobacteria_Proteobacteria;0;0;0;0;0;0;0;0;0;0;0;0;0,012240375;0;0,00161624;0,003069533;0;0;0;0,008318545;0,002267848;0;0
Bacillus_Bacillaceae_Bacillales_Bacilli_Firmicutes;0;0;0;0;0,001960688;0;0;0;0;0;0;0;0;0;0;0;0;0;0;0;0;0;0
Noviherbaspirillum_Oxalobacteraceae_Burkholderiales_Betaproteobacteria_Proteobacteria;0;0;0;0;0;0;0;0;0;0;0;0;0;0;0;0;0;0;0;0;0;0;0
Phaeobacter_Rhodobacteraceae_Rhodobacterales_Alphaproteobacteria_Proteobacteria;0;0;0;0;0;0;0;0;0;0;0;0;0;0;0;0;0;0;0;0;0;0;0
Filomicrobium_Hyphomicrobiaceae_Rhizobiales_Alphaproteobacteria_Proteobacteria;0;0;0;0;0;0,004650427;0;0,004211236;0,002642217;0;0;0;0,007086533;0,002930689;0;0;0;0,001219304;0,002630195;0;0;0;0
Pseudaminobacter_Phyllobacteriaceae_Rhizobiales_Alphaproteobacteria_Proteobacteria;0;0;0;0;0;0;0;0;0;0;0;0;0;0;0;0;0;0;0;0;0;0;0
Thauera_Rhodocyclaceae_Rhodocyclales_Betaproteobacteria_Proteobacteria;0,001112991;0;0;0;0;0;0;0;0;0;0;0;0;0;0;0;0;0;0;0;0;0;0
Exiguobacterium_Family-XII_Bacillales_Bacilli_Firmicutes;0;0;0;0;0;0;0;0;0,003963326;0;0;0;0;0;0;0;0;0;0;0;0;0;0
_WCHB1-69_Sphingobacteriales_Sphingobacteriia_Bacteroidetes;0;0,004879851;0;0;0,001960688;0;0;0;0;0,001777067;0,003735664;0;0,001288461;0,003907586;0,00161624;0;0;0;0;0;0;0;0
_alphaI-cluster_Rhizobiales_Alphaproteobacteria_Proteobacteria;0,005564954;0,002091365;0,001627591;0;0,005882065;0,006510598;0,010365303;0,00280749;0;0,0026656;0,013074825;0;0,002576921;0,001953793;0,00323248;0;0;0,001219304;0,001753463;0;0,008315443;0,002164502;0
uncultured_Sphingomonadaceae_Sphingomonadales_Alphaproteobacteria_Proteobacteria;0;0;0;0;0;0;0;0;0;0;0;0;0;0;0;0;0;0,001219304;0;0;0,001511899;0;0
__oca12_Betaproteobacteria_Proteobacteria;0;0;0;0;0;0;0;0;0;0;0;0;0;0;0;0;0;0;0;0;0;0;0
Aliihoeflea_Phyllobacteriaceae_Rhizobiales_Alphaproteobacteria_Proteobacteria;0;0;0;0;0;0;0;0;0;0;0;0;0;0;0;0;0;0;0;0;0;0;0
Patulibacter_Patulibacteraceae_Solirubrobacterales_Thermoleophilia_Actinobacteria;0;0;0;0;0;0;0;0;0;0;0;0;0;0;0;0;0;0;0,001753463;0;0;0;0
Palleronia_Rhodobacteraceae_Rhodobacterales_Alphaproteobacteria_Proteobacteria;0;0;0;0;0;0;0;0;0;0;0;0;0;0;0;0;0;0;0;0;0;0;0
Christensenellaceae-R-7-group_Christensenellaceae_Clostridiales_Clostridia_Firmicutes;0;0;0;0;0;0,002790256;0;0;0;0;0;0;0;0;0;0;0;0;0;0;0;0;0
Roseovarius_Rhodobacteraceae_Rhodobacterales_Alphaproteobacteria_Proteobacteria;0;0;0;0,006981168;0;0;0;0;0;0;0;0;0;0,001953793;0;0;0;0;0;0;0;0;0
_ctg-CGOF202_Sphingomonadales_Alphaproteobacteria_Proteobacteria;0;0;0;0;0;0;0;0;0;0;0;0;0;0;0;0;0;0;0;0;0;0;0
Candidatus-Aquiluna_Microbacteriaceae_Micrococcales_Actinobacteria_Actinobacteria;0;0;0;0;0;0;0;0;0;0;0;0;0;0;0;0;0;0;0;0;0;0;0
_Blfdi19_Myxococcales_Deltaproteobacteria_Proteobacteria;0;0;0,001627591;0;0;0;0;0;0;0;0;0;0;0;0;0;0;0;0;0;0;0;0
Youngimonas_Rhodobacteraceae_Rhodobacterales_Alphaproteobacteria_Proteobacteria;0;0;0;0;0;0;0;0;0;0;0;0;0;0;0;0;0;0;0;0;0;0;0
uncultured_Xanthomonadales-Incertae-Sedis_Xanthomonadales_Gammaproteobacteria_Proteobacteria;0;0,002091365;0;0,00436323;0,001960688;0,007440684;0,007403788;0,012633707;0;0;0,007471329;0,004915817;0;0;0;0,002302149;0,002647581;0,00609652;0,004383658;0,001848566;0,003779747;0,003787879;0
Halomonas_Halomonadaceae_Oceanospirillales_Gammaproteobacteria_Proteobacteria;0;0;0;0,001745292;0;0;0;0;0;0;0;0;0;0,001953793;0;0;0;0;0;0;0;0;0
Blastopirellula_Planctomycetaceae_Planctomycetales_Planctomycetacia_Planctomycetes;0;0;0;0;0;0;0;0;0;0;0;0;0;0;0;0;0;0;0;0;0;0;0
Aquimonas_Xanthomonadaceae_Xanthomonadales_Gammaproteobacteria_Proteobacteria;0;0;0;0;0;0;0;0;0;0;0;0;0;0;0;0;0;0;0;0;0;0;0
_Rhodobiaceae_Rhizobiales_Alphaproteobacteria_Proteobacteria;0;0,008365459;0;0;0,008823097;0,002790256;0;0;0,005284435;0,004442667;0,001867832;0;0,001932691;0,003907586;0;0;0;0;0;0,001848566;0;0,023809524;0,00237262
Williamsia_Nocardiaceae_Corynebacteriales_Actinobacteria_Actinobacteria;0,001112991;0;0;0;0;0;0;0;0;0;0;0;0;0;0;0;0;0;0;0;0;0;0
Jatrophihabitans_Frankiaceae_Frankiales_Actinobacteria_Actinobacteria;0,001112991;0;0;0,001745292;0;0;0;0;0;0;0;0;0;0;0;0,001534766;0;0;0;0;0;0;0
Marmoricola_Nocardioidaceae_Propionibacteriales_Actinobacteria_Actinobacteria;0;0;0;0;0;0;0;0;0;0;0;0;0,003865382;0;0,00161624;0,001534766;0;0;0,001753463;0;0;0;0,00118631
_JG34-KF-161_Sphingomonadales_Alphaproteobacteria_Proteobacteria;0;0;0;0;0;0;0;0;0;0;0;0;0;0;0;0;0;0;0;0;0;0;0
Crocinitomix_Cryomorphaceae_Flavobacteriales_Flavobacteriia_Bacteroidetes;0;0;0;0;0;0;0;0,00280749;0;0;0;0;0;0;0;0;0;0;0;0;0;0;0
Aeromicrobium_Nocardioidaceae_Propionibacteriales_Actinobacteria_Actinobacteria;0;0;0;0;0;0;0;0;0;0;0;0;0;0;0;0;0;0;0;0;0;0;0
Tabrizicola_Rhodobacteraceae_Rhodobacterales_Alphaproteobacteria_Proteobacteria;0;0;0;0;0;0;0;0;0;0;0;0;0;0;0;0;0;0;0;0;0;0;0
uncultured_Brucellaceae_Rhizobiales_Alphaproteobacteria_Proteobacteria;0;0;0;0;0;0;0;0;0;0;0;0;0;0;0;0;0;0;0;0;0;0;0
_BIgi5_Order-III_Cytophagia_Bacteroidetes;0;0;0;0;0;0;0;0;0;0;0;0;0;0;0;0;0;0;0;0;0;0;0
_Comamonadaceae_Burkholderiales_Betaproteobacteria_Proteobacteria;0;0;0;0;0;0;0;0;0;0;0;0;0;0;0;0;0;0;0;0;0;0;0
Stakelama_Sphingomonadaceae_Sphingomonadales_Alphaproteobacteria_Proteobacteria;0;0;0;0;0;0;0;0;0;0;0;0;0;0;0;0;0;0;0;0;0;0;0
Thiohalocapsa_Chromatiaceae_Chromatiales_Gammaproteobacteria_Proteobacteria;0;0;0;0,042759656;0,002941032;0,007440684;0;0;0;0,001777067;0;0;0;0;0;0,024556261;0;0;0;0;0,001511899;0;0,00118631
Ruegeria_Rhodobacteraceae_Rhodobacterales_Alphaproteobacteria_Proteobacteria;0;0;0;0;0,001960688;0;0;0;0;0;0;0;0;0;0;0;0;0;0;0;0;0;0
Ferruginibacter_Chitinophagaceae_Sphingobacteriales_Sphingobacteriia_Bacteroidetes;0;0;0;0;0;0;0,002961515;0,004211236;0;0;0;0,004915817;0;0,001953793;0;0;0,001765054;0;0;0;0;0,001623377;0
Balneola_Unknown-Family_Order-III_Cytophagia_Bacteroidetes;0;0;0;0;0;0;0;0;0;0;0;0;0;0;0;0;0;0;0;0;0;0;0
Ancylobacter_Xanthobacteraceae_Rhizobiales_Alphaproteobacteria_Proteobacteria;0;0;0;0;0;0;0;0;0;0;0;0;0;0;0;0,002302149;0;0,002438608;0;0,003697131;0;0,005952381;0,00237262
Pedomicrobium_Hyphomicrobiaceae_Rhizobiales_Alphaproteobacteria_Proteobacteria;0,003338972;0;0;0,001745292;0,003921376;0;0;0;0,002642217;0;0;0,003686862;0,001288461;0,003907586;0;0,011510747;0;0,001219304;0;0;0;0,009199134;0
Delftia_Comamonadaceae_Burkholderiales_Betaproteobacteria_Proteobacteria;0;0;0;0;0;0;0;0;0;0;0;0;0;0;0;0;0;0;0;0;0;0,001082251;0
_T9d_Rickettsiales_Alphaproteobacteria_Proteobacteria;0,012799395;0,002788486;0,001627591;0,003490584;0,009803441;0;0,004442273;0,00280749;0;0,006219734;0,005603497;0,008602679;0,007086533;0,006838275;0;0,013812897;0,003530107;0,010160867;0,01139751;0,002772848;0,009827341;0,021645022;0,00355893
Altererythrobacter_Erythrobacteraceae_Sphingomonadales_Alphaproteobacteria_Proteobacteria;0;0;0;0;0;0,001860171;0;0;0,005284435;0;0;0,002457908;0;0;0;0,003069533;0,002647581;0,002032173;0;0;0,006047595;0;0
Aestuariivita_Rhodobacteraceae_Rhodobacterales_Alphaproteobacteria_Proteobacteria;0;0,00418273;0;0;0;0;0;0;0;0;0;0;0;0;0;0;0;0;0;0;0,001511899;0;0
Pseudahrensia_Phyllobacteriaceae_Rhizobiales_Alphaproteobacteria_Proteobacteria;0;0;0;0;0;0;0;0;0;0;0;0;0;0;0;0;0;0;0;0;0;0;0
Amorphus_Caulobacteraceae_Caulobacterales_Alphaproteobacteria_Proteobacteria;0,001669486;0,003485608;0,001627591;0;0,001960688;0;0;0;0;0;0,001867832;0;0,003221151;0;0;0;0,003530107;0;0,004383658;0,019409938;0,002267848;0;0
Aureimonas_Aurantimonadaceae_Rhizobiales_Alphaproteobacteria_Proteobacteria;0;0;0;0;0;0;0;0;0;0;0;0;0;0;0;0;0;0;0;0;0;0;0
uncultured_Micromonosporaceae_Micromonosporales_Actinobacteria_Actinobacteria;0,005564954;0,007668337;0;0,011344398;0,003921376;0,005580513;0,017769091;0,004211236;0,010568869;0,007108268;0,00466958;0,009831633;0,005153842;0,004884482;0,00161624;0,007673831;0;0,004877216;0,003506926;0,001848566;0,003023797;0;0
Polaromonas_Comamonadaceae_Burkholderiales_Betaproteobacteria_Proteobacteria;0;0;0;0;0;0;0;0;0;0;0;0;0;0;0;0;0;0;0;0;0;0;0
Oceanospirillum_Oceanospirillaceae_Oceanospirillales_Gammaproteobacteria_Proteobacteria;0;0;0,001627591;0;0;0;0,002961515;0;0;0;0;0;0;0;0;0;0;0;0;0;0;0;0
Lewinella_Saprospiraceae_Sphingobacteriales_Sphingobacteriia_Bacteroidetes;0,004451963;0,002091365;0;0,00436323;0,003921376;0,001860171;0;0;0,002642217;0,001777067;0;0;0;0,001953793;0,00161624;0,002302149;0;0,001219304;0;0;0;0,001082251;0
Sufflavibacter_Flavobacteriaceae_Flavobacteriales_Flavobacteriia_Bacteroidetes;0;0;0;0;0,003921376;0;0;0;0;0;0;0;0;0;0;0;0;0;0;0;0;0;0
_DSSF69_Sphingomonadales_Alphaproteobacteria_Proteobacteria;0;0;0;0;0,001960688;0;0;0;0;0;0;0;0,001932691;0;0;0;0;0,000812869;0,007013852;0;0,002267848;0,006493506;0,014828875
_Verrucomicrobiaceae_Verrucomicrobiales_Verrucomicrobiae_Verrucomicrobia;0;0;0;0;0;0;0;0;0;0;0;0;0;0;0;0;0;0;0;0;0;0;0
Bauldia_Rhizobiales-Incertae-Sedis_Rhizobiales_Alphaproteobacteria_Proteobacteria;0;0,001394243;0;0,002617938;0;0,001860171;0;0;0;0;0;0;0;0;0;0;0;0;0,001753463;0;0;0;0
_AKIW852_Sphingomonadales_Alphaproteobacteria_Proteobacteria;0,002225982;0;0;0,001745292;0;0;0;0;0;0;0;0,002457908;0;0;0;0;0;0;0;0,001848566;0;0,002705628;0,002965775
Salinimonas_Alteromonadaceae_Alteromonadales_Gammaproteobacteria_Proteobacteria;0;0;0;0;0,003921376;0,001860171;0;0,004211236;0,002642217;0;0;0;0;0;0;0,003069533;0;0;0;0,002772848;0;0,001082251;0
Phenylobacterium_Caulobacteraceae_Caulobacterales_Alphaproteobacteria_Proteobacteria;0;0;0;0;0;0;0;0;0;0;0;0;0;0;0;0;0;0;0;0;0;0;0
Paraglaciecola_Alteromonadaceae_Alteromonadales_Gammaproteobacteria_Proteobacteria;0,003338972;0;0,005696568;0,003490584;0,004901721;0;0;0,00280749;0,002642217;0;0;0;0,001932691;0;0;0,001534766;0;0;0;0;0;0;0
Labrys_Xanthobacteraceae_Rhizobiales_Alphaproteobacteria_Proteobacteria;0;0,002788486;0;0;0,001960688;0;0;0,00280749;0;0;0;0,002457908;0,003221151;0;0,00323248;0,003836916;0,006177688;0,004470781;0,001753463;0;0,016630885;0,007034632;0,0118631
Simiduia_Cellvibrionaceae_Cellvibrionales_Gammaproteobacteria_Proteobacteria;0;0;0;0;0;0;0;0;0;0;0;0;0;0;0;0;0;0;0;0;0;0;0
Alkanindiges_Moraxellaceae_Pseudomonadales_Gammaproteobacteria_Proteobacteria;0;0;0;0;0;0;0;0;0;0;0;0;0;0;0;0;0;0;0;0;0;0;0
Planomicrobium_Planococcaceae_Bacillales_Bacilli_Firmicutes;0;0,002091365;0;0;0;0;0;0;0;0;0;0;0;0,003907586;0;0;0;0,002438608;0;0;0;0;0
Mycobacterium_Mycobacteriaceae_Corynebacteriales_Actinobacteria_Actinobacteria;0,001112991;0;0;0;0;0;0;0;0;0;0;0;0;0;0;0;0;0;0;0;0;0;0
_D05-2_Rhizobiales_Alphaproteobacteria_Proteobacteria;0;0,031370471;0;0,012217045;0;0;0;0;0,014532195;0;0;0;0,002576921;0;0;0;0;0,000812869;0;0;0,001511899;0,001623377;0
Sediminicola_Flavobacteriaceae_Flavobacteriales_Flavobacteriia_Bacteroidetes;0,002782477;0;0;0,002617938;0;0;0;0;0;0;0;0;0,001288461;0;0;0;0;0;0;0;0;0;0
Rhodovulum_Rhodobacteraceae_Rhodobacterales_Alphaproteobacteria_Proteobacteria;0;0;0;0;0;0;0;0;0;0;0;0;0;0;0;0;0;0;0;0;0;0;0
Oceaniovalibus_Rhodobacteraceae_Rhodobacterales_Alphaproteobacteria_Proteobacteria;0;0;0;0;0;0;0;0;0;0;0;0;0;0;0;0;0;0;0;0;0;0;0
Bartonella_Bartonellaceae_Rhizobiales_Alphaproteobacteria_Proteobacteria;0,002225982;0,019519404;0,001627591;0;0;0,015811453;0,010365303;0,004211236;0;0,016882136;0,008405245;0,009831633;0,010951915;0,027353099;0,00323248;0,005371682;0;0,005690085;0;0,004621414;0,014363037;0;0,00118631
_MNG7_Rhizobiales_Alphaproteobacteria_Proteobacteria;0,001112991;0,021610769;0;0,002617938;0,001960688;0;0;0;0;0,014216536;0,001867832;0,004915817;0,09470185;0,01367655;0,01373804;0,002302149;0,005295161;0,008941563;0,003506926;0,004621414;0,01133924;0,003246753;0,0118631
Sediminibacterium_Chitinophagaceae_Sphingobacteriales_Sphingobacteriia_Bacteroidetes;0;0;0;0;0,003921376;0,002790256;0,002961515;0;0,003963326;0;0,001867832;0;0,001288461;0;0,0040406;0,003069533;0;0,001625739;0;0,001848566;0;0;0
Citreicella_Rhodobacteraceae_Rhodobacterales_Alphaproteobacteria_Proteobacteria;0;0,001394243;0,003255182;0;0,001960688;0;0;0;0;0,001777067;0;0;0;0;0;0;0;0;0;0;0;0;0
Oceanicola_Rhodobacteraceae_Rhodobacterales_Alphaproteobacteria_Proteobacteria;0;0,006274094;0,004068977;0;0,002941032;0;0;0,008422471;0,002642217;0,004442667;0;0;0;0;0;0,003069533;0;0,000812869;0,006137121;0,001848566;0;0,002705628;0,00949048
Defluviicoccus_Rhodospirillaceae_Rhodospirillales_Alphaproteobacteria_Proteobacteria;0;0,001394243;0,001627591;0,001745292;0;0;0,00592303;0,00280749;0;0;0,003735664;0;0;0;0;0,001534766;0;0,001219304;0;0,002772848;0,001511899;0,001082251;0
_C2U_Rhizobiales_Alphaproteobacteria_Proteobacteria;0;0;0;0;0;0;0;0;0;0;0;0;0;0;0;0;0;0,012599475;0,001753463;0,001848566;0,007559493;0;0
Terrabacter_Intrasporangiaceae_Micrococcales_Actinobacteria_Actinobacteria;0;0;0;0;0;0;0;0;0;0;0;0;0;0;0;0;0;0;0;0;0;0;0
Gordonia_Nocardiaceae_Corynebacteriales_Actinobacteria_Actinobacteria;0;0,001394243;0,002441386;0;0;0,005580513;0,004442273;0;0;0,003554134;0;0,009831633;0;0;0,00484872;0,006139065;0;0,001625739;0,002630195;0;0,002267848;0,003246753;0,00118631
Afifella_Rhodobiaceae_Rhizobiales_Alphaproteobacteria_Proteobacteria;0;0,003485608;0;0,001745292;0,012744473;0,004650427;0,01184606;0,009826216;0;0,004442667;0;0;0;0;0,00888932;0,004604299;0;0;0,007013852;0;0,002267848;0;0
Roseicitreum_Rhodobacteraceae_Rhodobacterales_Alphaproteobacteria_Proteobacteria;0,001112991;0;0;0;0;0;0;0;0;0;0;0;0;0;0;0;0;0;0;0;0;0;0
Leptothrix_Comamonadaceae_Burkholderiales_Betaproteobacteria_Proteobacteria;0,008347431;0,011851067;0,005696568;0,011344398;0,004901721;0,017671624;0,00592303;0,008422471;0,006605543;0,005331201;0,003735664;0,007373725;0,010307684;0,003907586;0,01454616;0,003836916;0,009707795;0,005283651;0;0,001848566;0,006803544;0,001082251;0,001779465
_Phyllobacteriaceae_Rhizobiales_Alphaproteobacteria_Proteobacteria;0,003338972;0;0;0;0;0;0;0;0;0;0;0;0;0,002930689;0;0;0;0;0;0,001848566;0;0;0
uncultured_Cytophagaceae_Cytophagales_Cytophagia_Bacteroidetes;0;0;0,001627591;0;0;0;0;0;0;0;0;0;0;0;0;0,001534766;0;0;0;0;0;0;0
uncultured_Xanthomonadaceae_Xanthomonadales_Gammaproteobacteria_Proteobacteria;0,001669486;0;0;0;0,001960688;0;0;0;0;0;0;0;0;0;0;0;0;0;0;0;0;0;0
SM1A02_Phycisphaeraceae_Phycisphaerales_Phycisphaerae_Planctomycetes;0;0;0;0;0;0,001860171;0;0;0;0;0;0;0;0;0;0;0;0;0;0;0;0;0
_Rhodospirillaceae_Rhodospirillales_Alphaproteobacteria_Proteobacteria;0,002225982;0;0,006510364;0,001745292;0,001960688;0,003720342;0;0;0;0;0;0,007373725;0;0;0;0;0;0;0;0;0;0;0
Diplosphaera_Opitutaceae_Opitutales_Opitutae_Verrucomicrobia;0;0;0;0;0;0;0;0;0;0;0;0;0;0;0,00242436;0;0;0;0;0;0;0;0
Azoarcus_Rhodocyclaceae_Rhodocyclales_Betaproteobacteria_Proteobacteria;0;0,002788486;0;0,002617938;0;0,001860171;0;0;0;0,0026656;0;0;0;0;0;0,001534766;0;0;0;0;0;0;0
Rhodopirellula_Planctomycetaceae_Planctomycetales_Planctomycetacia_Planctomycetes;0;0;0;0;0,002941032;0;0;0;0;0;0;0;0;0,001953793;0;0;0;0;0;0;0;0;0
_SAR116-clade_Rickettsiales_Alphaproteobacteria_Proteobacteria;0;0;0;0;0;0;0;0;0;0;0;0;0;0,001953793;0;0;0;0;0;0;0;0;0
Aquabacterium_Comamonadaceae_Burkholderiales_Betaproteobacteria_Proteobacteria;0;0;0;0;0;0;0;0;0;0,001777067;0,001867832;0;0,001288461;0;0,00242436;0;0,001765054;0;0;0,001848566;0;0;0
Nisaea_Rhodospirillaceae_Rhodospirillales_Alphaproteobacteria_Proteobacteria;0;0;0;0;0;0;0;0;0;0;0,001867832;0;0;0;0;0;0;0,001219304;0;0;0;0;0
Pannonibacter_Rhodobacteraceae_Rhodobacterales_Alphaproteobacteria_Proteobacteria;0,003895468;0;0;0;0;0;0;0,005614981;0;0,018659203;0;0;0;0;0;0;0;0;0;0;0;0;0
Sideroxydans_Gallionellaceae_Nitrosomonadales_Betaproteobacteria_Proteobacteria;0,003338972;0,003485608;0,001627591;0;0,001960688;0;0;0;0;0;0;0;0;0,002930689;0;0;0;0;0;0;0;0;0
Psychrobacter_Moraxellaceae_Pseudomonadales_Gammaproteobacteria_Proteobacteria;0;0;0;0;0;0;0;0;0;0;0;0;0;0;0;0;0;0;0;0;0;0;0
Burkholderia_Burkholderiaceae_Burkholderiales_Betaproteobacteria_Proteobacteria;0;0,001394243;0,002441386;0,009599106;0,005882065;0,003720342;0;0,00280749;0;0,003554134;0;0,002457908;0,001932691;0;0;0;0,001765054;0;0,004383658;0;0;0;0,00118631
Kordiimonas_Kordiimonadaceae_Kordiimonadales_Alphaproteobacteria_Proteobacteria;0;0,002091365;0;0;0,002941032;0,002790256;0;0;0;0;0;0;0;0;0;0;0;0;0;0;0;0;0
Arcobacter_Campylobacteraceae_Campylobacterales_Epsilonproteobacteria_Proteobacteria;0;0;0;0;0;0;0;0;0;0;0;0;0;0;0;0;0;0;0;0;0;0;0
Subsaxibacter_Flavobacteriaceae_Flavobacteriales_Flavobacteriia_Bacteroidetes;0,005564954;0,00418273;0,007324159;0,00436323;0,007842753;0,002790256;0,00592303;0,007018726;0,003963326;0,007108268;0,001867832;0,006144771;0,003221151;0;0,00646496;0,001534766;0,002647581;0,003251477;0;0;0,003023797;0,004329004;0,001779465
Variibacter_Xanthobacteraceae_Rhizobiales_Alphaproteobacteria_Proteobacteria;0;0,001394243;0;0;0;0;0;0;0;0;0;0,011060587;0,002576921;0;0;0;0,017650537;0,003251477;0,002630195;0,011091393;0;0,004329004;0,031437215
Bosea_Bradyrhizobiaceae_Rhizobiales_Alphaproteobacteria_Proteobacteria;0,018920844;0,029279107;0,010579341;0,020070859;0,004901721;0,004650427;0,010365303;0,008422471;0,006605543;0,009773868;0,008405245;0,004915817;0,011596145;0,001953793;0,00484872;0,004604299;0,002647581;0;0;0,007394262;0;0;0
Dyadobacter_Cytophagaceae_Cytophagales_Cytophagia_Bacteroidetes;0;0;0;0;0;0;0;0;0;0;0;0;0;0;0;0;0;0;0;0;0;0;0
uncultured_Pseudomonadaceae_Pseudomonadales_Gammaproteobacteria_Proteobacteria;0;0;0,002441386;0;0,002941032;0,001860171;0,002961515;0;0,002642217;0;0;0,004915817;0;0,002930689;0,00161624;0;0;0,002438608;0;0;0;0,002705628;0
Nocardioides_Nocardioidaceae_Propionibacteriales_Actinobacteria_Actinobacteria;0,015581872;0,006274094;0,004882773;0,005235876;0,012744473;0,005580513;0,004442273;0,00280749;0,003963326;0,004442667;0,00466958;0,006144771;0;0,002930689;0,0080812;0;0;0,001625739;0;0;0;0;0
uncultured_Colwelliaceae_Alteromonadales_Gammaproteobacteria_Proteobacteria;0;0,004879851;0;0;0,005882065;0;0;0;0,003963326;0;0;0;0;0,002930689;0;0;0;0;0;0;0;0;0
Pir4-lineage_Planctomycetaceae_Planctomycetales_Planctomycetacia_Planctomycetes;0;0,001394243;0;0;0;0;0;0;0;0;0;0;0;0;0;0;0;0;0;0;0;0;0
uncultured_Alcaligenaceae_Burkholderiales_Betaproteobacteria_Proteobacteria;0;0;0;0;0;0;0;0;0;0;0,002801748;0;0;0;0;0;0;0;0;0;0;0;0
Imperialibacter_Flammeovirgaceae_Cytophagales_Cytophagia_Bacteroidetes;0;0;0;0,002617938;0;0;0;0;0;0;0;0;0;0;0;0;0;0;0;0;0;0;0
Roseobacter-clade-CHAB-I-5-lineage_Rhodobacteraceae_Rhodobacterales_Alphaproteobacteria_Proteobacteria;0;0;0;0;0;0,001860171;0,002961515;0,00280749;0;0;0;0,002457908;0;0;0,00242436;0;0;0;0;0;0;0;0
Methylobacterium_Methylobacteriaceae_Rhizobiales_Alphaproteobacteria_Proteobacteria;0;0;0;0;0;0;0,002961515;0;0,002642217;0;0;0;0;0;0;0;0;0;0;0;0,003023797;0;0
Tistrella_Rhodospirillaceae_Rhodospirillales_Alphaproteobacteria_Proteobacteria;0,027268275;0,005576973;0,010579341;0,006981168;0,01666585;0,011161026;0,008884545;0,00280749;0,013211087;0,0026656;0,007471329;0,009831633;0;0,008792068;0,00888932;0,005371682;0,003530107;0,008535128;0,007013852;0;0,01133924;0,002164502;0,002965775
uncultured_Erythrobacteraceae_Sphingomonadales_Alphaproteobacteria_Proteobacteria;0;0;0;0;0;0;0;0;0;0;0;0;0;0;0;0;0;0,001219304;0;0;0;0;0
Nakamurella_Nakamurellaceae_Frankiales_Actinobacteria_Actinobacteria;0;0;0;0;0;0;0;0;0;0;0;0;0;0;0;0;0;0;0;0;0;0;0
Algoriphagus_Cyclobacteriaceae_Cytophagales_Cytophagia_Bacteroidetes;0;0;0;0;0,001960688;0,001860171;0;0,00280749;0;0;0,002801748;0;0;0,001953793;0;0;0;0,000812869;0;0;0;0;0
uncultured_Geodermatophilaceae_Frankiales_Actinobacteria_Actinobacteria;0;0,001394243;0;0;0;0;0;0;0,009247761;0,001777067;0,003735664;0,004915817;0;0,007815171;0,00484872;0,006139065;0,002647581;0,006909389;0,008767315;0,003697131;0,015118986;0,010281385;0,007711015
Pseudochrobactrum_Brucellaceae_Rhizobiales_Alphaproteobacteria_Proteobacteria;0,002225982;0;0,001627591;0,001745292;0,001960688;0;0;0;0;0;0,001867832;0;0,002576921;0;0,00242436;0,003836916;0;0,001219304;0;0;0;0;0,00118631
Shewanella_Shewanellaceae_Alteromonadales_Gammaproteobacteria_Proteobacteria;0,002225982;0,003485608;0;0;0,004901721;0;0;0;0,002642217;0;0,003735664;0;0;0;0;0,002302149;0;0;0;0;0;0;0
Lapillicoccus_Intrasporangiaceae_Micrococcales_Actinobacteria_Actinobacteria;0,010573413;0,004879851;0;0,001745292;0,010783785;0,002790256;0,008884545;0,012633707;0,003963326;0,019547736;0,010273077;0,013518496;0,009663454;0,021491721;0,0080812;0,015347663;0,002647581;0,007315824;0,007013852;0,007394262;0,006047595;0,008658009;0,00355893
Haematobacter_Rhodobacteraceae_Rhodobacterales_Alphaproteobacteria_Proteobacteria;0;0;0;0,001745292;0;0,01023094;0;0;0;0;0;0;0;0;0;0;0;0;0;0;0;0;0,001779465
Arthrobacter_Micrococcaceae_Micrococcales_Actinobacteria_Actinobacteria;0;0;0,001627591;0;0;0;0;0;0;0;0,001867832;0;0;0;0;0,001534766;0;0;0;0;0;0;0
___SPOTSOCT00m83_Proteobacteria;0,003895468;0,001394243;0;0;0,001960688;0,002790256;0;0;0,003963326;0;0;0;0;0,002930689;0,0040406;0,002302149;0;0;0;0;0;0;0
_SHWN-night2_Rickettsiales_Alphaproteobacteria_Proteobacteria;0,001669486;0,001394243;0,009765546;0,001745292;0,002941032;0,002790256;0,002961515;0;0;0;0;0;0;0;0;0,009208598;0;0;0;0;0;0,001082251;0,00118631
Acinetobacter_Moraxellaceae_Pseudomonadales_Gammaproteobacteria_Proteobacteria;0;0;0;0,003490584;0;0;0;0;0;0;0;0;0,006442303;0;0;0;0;0,000812869;0;0;0;0,001082251;0
Methylosinus_Methylocystaceae_Rhizobiales_Alphaproteobacteria_Proteobacteria;0,033389725;0,021610769;0,028482841;0,020070859;0,042154796;0,006510598;0,013326818;0,029478649;0,013211087;0;0,009339161;0,019663267;0,003865382;0,011722757;0,048487199;0,027625793;0,018533064;0;0;0,012015676;0,018898733;0,006493506;0,0118631
Marivita_Rhodobacteraceae_Rhodobacterales_Alphaproteobacteria_Proteobacteria;0;0;0,003255182;0;0,003921376;0;0;0;0;0;0;0;0;0;0;0;0;0;0;0;0;0;0
Moraxella_Moraxellaceae_Pseudomonadales_Gammaproteobacteria_Proteobacteria;0;0;0;0;0;0;0;0;0;0;0;0;0,02319229;0,020514824;0,01131368;0,005371682;0,001765054;0,004064347;0;0;0,003023797;0;0,00118631
_Rhodobacteraceae_Rhodobacterales_Alphaproteobacteria_Proteobacteria;0;0,003485608;0;0;0;0;0;0,008422471;0;0;0;0;0;0;0;0;0;0,000812869;0,002630195;0;0;0;0
Limnobacter_Burkholderiaceae_Burkholderiales_Betaproteobacteria_Proteobacteria;0;0,001394243;0;0,003490584;0;0,005580513;0;0;0;0;0;0;0;0;0,00161624;0,001534766;0;0,012599475;0,002630195;0;0;0,003246753;0
____Hydrogenedentes;0;0,00418273;0,004882773;0,010471752;0;0,002790256;0,007403788;0,00280749;0;0,001777067;0;0,004915817;0,001288461;0;0;0,001534766;0;0,000812869;0;0;0;0;0
_JG34-KF-361_Rhizobiales_Alphaproteobacteria_Proteobacteria;0,005008459;0,004879851;0,003255182;0,031415257;0,002941032;0,044644103;0,041461212;0,004211236;0,03963326;0,007108268;0,014942658;0,017205358;0,032855744;0,002930689;0,098590639;0;0,009707795;0,017070256;0,001753463;0,041592724;0,018142784;0,012445887;0
Lentibacter_Rhodobacteraceae_Rhodobacterales_Alphaproteobacteria_Proteobacteria;0;0;0;0;0;0;0;0;0;0;0;0;0;0;0;0;0;0;0;0;0;0;0
Comamonas_Comamonadaceae_Burkholderiales_Betaproteobacteria_Proteobacteria;0,003338972;0,003485608;0;0,002617938;0;0;0,002961515;0,004211236;0;0;0;0;0;0,002930689;0;0;0;0;0;0;0,001511899;0;0
Deinococcus_Deinococcaceae_Deinococcales_Deinococci_Deinococcus-Thermus;0;0;0;0;0;0;0;0;0;0;0;0,002457908;0,001932691;0,005861378;0,00888932;0,009975981;0,010590322;0,009347997;0,031562336;0,022182786;0,014363037;0,03517316;0,019574115
uncultured_Hyphomonadaceae_Caulobacterales_Alphaproteobacteria_Proteobacteria;0,004451963;0,00418273;0,003255182;0,027052027;0,003921376;0;0;0;0,005284435;0,0026656;0;0;0;0;0;0;0,001765054;0,000812869;0,001753463;0,003697131;0,002267848;0,007034632;0
OM43-clade_Methylophilaceae_Methylophilales_Betaproteobacteria_Proteobacteria;0,003895468;0,005576973;0;0;0,004901721;0,001860171;0;0,004211236;0;0,001777067;0,005603497;0;0,001288461;0;0,0080812;0;0;0,000812869;0;0,001848566;0;0;0
_NS7-marine-group_Flavobacteriales_Flavobacteriia_Bacteroidetes;0,007790936;0,003485608;0,005696568;0;0,006862409;0,001860171;0;0;0;0;0,001867832;0;0;0,001953793;0;0;0;0,001219304;0;0;0;0;0
Desulfovibrio_Desulfovibrionaceae_Desulfovibrionales_Deltaproteobacteria_Proteobacteria;0,007790936;0,007668337;0,033365614;0,010471752;0,003921376;0,003720342;0,004442273;0,004211236;0,014532195;0,005331201;0,00466958;0;0,002576921;0,004884482;0,0040406;0,015347663;0,011472849;0,013818779;0,012274242;0,003697131;0,009827341;0,007034632;0,008897325
Perlucidibaca_Moraxellaceae_Pseudomonadales_Gammaproteobacteria_Proteobacteria;0;0,003485608;0,004068977;0;0,005882065;0,005580513;0;0;0;0;0,003735664;0;0,001932691;0;0,00161624;0,001534766;0,004412634;0;0,002630195;0;0;0,001623377;0
Maricaulis_Hyphomonadaceae_Caulobacterales_Alphaproteobacteria_Proteobacteria;0,005564954;0,011153945;0,005696568;0,007853814;0,004901721;0,003720342;0;0,007018726;0;0,008885335;0,001867832;0;0;0;0;0,002302149;0,003530107;0,000812869;0;0;0;0;0
Oceanobacter_Oceanospirillaceae_Oceanospirillales_Gammaproteobacteria_Proteobacteria;0,005564954;0,009062581;0;0,001745292;0,006862409;0,007440684;0;0,004211236;0;0;0,001867832;0,002457908;0,003221151;0;0;0,002302149;0;0,004877216;0,002630195;0;0,001511899;0,001623377;0
uncultured_Gemmatimonadaceae_Gemmatimonadales_Gemmatimonadetes_Gemmatimonadetes;0;0;0;0;0;0;0;0;0;0;0;0;0;0;0;0;0;0,001219304;0,003506926;0,001848566;0;0,011904762;0,01067679
SAR92-clade_Porticoccaceae_Cellvibrionales_Gammaproteobacteria_Proteobacteria;0,002782477;0,002091365;0,001627591;0;0,007842753;0;0;0;0;0,001777067;0;0;0;0;0;0;0,002647581;0;0;0;0;0;0
Undibacterium_Oxalobacteraceae_Burkholderiales_Betaproteobacteria_Proteobacteria;0;0,003485608;0;0;0;0;0;0;0,002642217;0;0;0;0;0;0;0;0;0,000812869;0;0,001848566;0;0;0
Paracocccus_Rhodobacteraceae_Rhodobacterales_Alphaproteobacteria_Proteobacteria;0,005008459;0,001394243;0;0;0,008823097;0;0;0;0;0,004442667;0,010273077;0;0,009019224;0,008792068;0,00888932;0,005371682;0,001765054;0,002438608;0,006137121;0,002772848;0,003023797;0,00974026;0,00949048
Peredibacter_Bacteriovoracaceae_Bdellovibrionales_Deltaproteobacteria_Proteobacteria;0,003338972;0;0;0,001745292;0;0;0;0;0;0;0;0;0;0,002930689;0;0;0,001765054;0;0;0;0;0;0
Chlorochromatium_Comamonadaceae_Burkholderiales_Betaproteobacteria_Proteobacteria;0;0,002091365;0;0,00436323;0;0;0;0;0;0;0;0;0;0;0;0;0;0;0;0;0;0;0
_DEV007_Verrucomicrobiales_Verrucomicrobiae_Verrucomicrobia;0,005008459;0,002788486;0,004068977;0;0;0,004650427;0,004442273;0,00280749;0,009247761;0;0;0;0;0;0;0;0;0,001625739;0;0;0;0;0
Sphingobium_Sphingomonadaceae_Sphingomonadales_Alphaproteobacteria_Proteobacteria;0,009460422;0,010456824;0,007324159;0,006981168;0,005882065;0,01023094;0,025172878;0,033689885;0;0,007108268;0,010273077;0,01474745;0,032855744;0,015630342;0,00484872;0,017649812;0,024710752;0,025605384;0,013150973;0,029577048;0,007559493;0,007575758;0,005338395
Bradyrhizobium_Bradyrhizobiaceae_Rhizobiales_Alphaproteobacteria_Proteobacteria;0,001112991;0;0;0;0;0;0;0;0;0;0;0;0;0;0;0;0;0;0;0;0;0;0
Thalassospira_Rhodospirillaceae_Rhodospirillales_Alphaproteobacteria_Proteobacteria;0,002782477;0,002788486;0;0,002617938;0;0;0;0;0;0;0;0;0;0;0;0;0;0;0;0;0;0;0
Pseudospirillum_Oceanospirillaceae_Oceanospirillales_Gammaproteobacteria_Proteobacteria;0,004451963;0,005576973;0,004882773;0,001745292;0,009803441;0,004650427;0,004442273;0;0;0,001777067;0,001867832;0;0;0;0,00161624;0;0;0;0;0;0,001511899;0;0
Owenweeksia_Cryomorphaceae_Flavobacteriales_Flavobacteriia_Bacteroidetes;0;0;0;0;0,006862409;0;0;0;0;0;0;0;0;0;0;0;0;0;0;0;0;0;0
Marinomonas_Oceanospirillaceae_Oceanospirillales_Gammaproteobacteria_Proteobacteria;0,001112991;0,002091365;0,006510364;0,003490584;0;0;0;0;0,006605543;0,0026656;0;0,002457908;0;0,006838275;0;0,002302149;0,001765054;0,000812869;0;0,002772848;0;0;0
Reyranella_Rhodospirillales-Incertae-Sedis_Rhodospirillales_Alphaproteobacteria_Proteobacteria;0,003895468;0,003485608;0,004068977;0,006981168;0,002941032;0,002790256;0;0;0,006605543;0;0,001867832;0,003686862;0,001932691;0,001953793;0,00161624;0,003069533;0,005295161;0,002438608;0,007013852;0;0,001511899;0,001082251;0,00118631
Phyllobacterium_Phyllobacteriaceae_Rhizobiales_Alphaproteobacteria_Proteobacteria;0,001669486;0;0;0;0;0;0;0;0,006605543;0;0;0;0;0;0;0;0;0,011786606;0,002630195;0;0,003779747;0;0
Ilumatobacter_Acidimicrobiaceae_Acidimicrobiales_Acidimicrobiia_Actinobacteria;0,007790936;0,003485608;0,009765546;0,005235876;0,005882065;0,005580513;0;0;0,003963326;0,001777067;0;0,003686862;0;0;0,00161624;0;0;0;0;0;0;0,001082251;0
uncultured_Xanthobacteraceae_Rhizobiales_Alphaproteobacteria_Proteobacteria;0;0,002091365;0;0,00436323;0;0;0,002961515;0,00280749;0;0,007996801;0;0;0,002576921;0;0;0,008441215;0;0,003657912;0,003506926;0,023107069;0,05594025;0,007575758;0,00830417
uncultured_Rhodobiaceae_Rhizobiales_Alphaproteobacteria_Proteobacteria;0,001112991;0;0,006510364;0,012217045;0;0;0,002961515;0,00280749;0;0,004442667;0,040158392;0,007373725;0,009019224;0,022468617;0,02101112;0,009975981;0,007060215;0,019508864;0,038576188;0,023107069;0,021166581;0,091991342;0,011269945
Ensifer_Rhizobiaceae_Rhizobiales_Alphaproteobacteria_Proteobacteria;0;0;0;0;0;0;0;0,00280749;0,003963326;0;0,003735664;0;0;0,002930689;0,00727308;0;0;0,002032173;0;0;0,003779747;0,001623377;0,00355893
Parapusillimonas_Alcaligenaceae_Burkholderiales_Betaproteobacteria_Proteobacteria;0;0;0;0;0;0;0;0;0;0;0;0;0;0;0;0;0;0;0;0;0;0;0
Boseongicola_Rhodobacteraceae_Rhodobacterales_Alphaproteobacteria_Proteobacteria;0;0;0,002441386;0,001745292;0;0;0,002961515;0;0;0,0026656;0,001867832;0;0,001932691;0;0,01292992;0;0,002647581;0,004470781;0,006137121;0;0;0,022727273;0,091345869
Micrococcus_Micrococcaceae_Micrococcales_Actinobacteria_Actinobacteria;0,074570386;0,066923672;0,02685525;0,013962337;0,033331699;0,017671624;0,019249848;0,023863668;0,026422173;0,012439469;0,029885315;0,036868625;0,007730763;0,012699653;0,01373804;0,003836916;0;0,003251477;0,004383658;0,002772848;0,002267848;0,003787879;0
uncultured_Chitinophagaceae_Sphingobacteriales_Sphingobacteriia_Bacteroidetes;0,003895468;0,004879851;0,001627591;0,00872646;0,007842753;0,002790256;0,014807576;0;0,005284435;0,015993603;0,014008741;0,012289542;0,008374994;0,012699653;0,00242436;0;0,002647581;0,004877216;0,013150973;0;0,002267848;0,002164502;0,001779465
Opitutus_Opitutaceae_Opitutales_Opitutae_Verrucomicrobia;0;0;0;0;0;0;0;0;0;0;0;0;0;0;0,00323248;0,001534766;0,001765054;0,001219304;0,001753463;0,004621414;0,003779747;0,006493506;0,001779465
Oceanibaculum_Rhodospirillaceae_Rhodospirillales_Alphaproteobacteria_Proteobacteria;0,030607248;0,035553201;0,014648318;0,04625024;0,017646194;0,019531795;0,026653636;0,008422471;0,010568869;0,015105069;0,007471329;0,020892221;0,012240375;0,001953793;0,0121218;0,009208598;0,009707795;0,008128693;0,001753463;0;0,006803544;0,003787879;0
Pedobacter_Sphingobacteriaceae_Sphingobacteriales_Sphingobacteriia_Bacteroidetes;0,033389725;0,051586997;0,028482841;0,011344398;0,004901721;0,032552992;0,013326818;0,021056178;0,011889978;0,006219734;0,013074825;0,017205358;0,005798072;0;0;0,003836916;0;0;0,002630195;0;0,002267848;0,002705628;0
Oxalicibacterium_Oxalobacteraceae_Burkholderiales_Betaproteobacteria_Proteobacteria;0,00612145;0,006971216;0,018717296;0,006108522;0,003921376;0,005580513;0,002961515;0,008422471;0,003963326;0,004442667;0,002801748;0,002457908;0,005798072;0,001953793;0,00565684;0;0,001765054;0;0,007013852;0,022182786;0,003023797;0,002705628;0,01067679
Rhodoferax_Comamonadaceae_Burkholderiales_Betaproteobacteria_Proteobacteria;0,022816312;0;0,002441386;0,001745292;0,007842753;0,013021197;0;0;0,002642217;0,004442667;0;0,007373725;0,016749987;0;0;0;0;0;0;0,002772848;0;0;0
Albidiferax_Comamonadaceae_Burkholderiales_Betaproteobacteria_Proteobacteria;0,824169709;0;0,013020727;0,002617938;0,014705162;0;0,004442273;0,00280749;0,071339868;0;0,002801748;0,004915817;0;0;0,00161624;0;0;0,000812869;0;0;0;0;0,00593155
Phaselicystis_Phaselicystidaceae_Myxococcales_Deltaproteobacteria_Proteobacteria;0,036172202;0,057861092;0,02685525;0,031415257;0,030390667;0,018601709;0,017769091;0,018248687;0,0303855;0,015993603;0,020546154;0,013518496;0,007086533;0,016607239;0,00242436;0,003836916;0;0,015444518;0,001753463;0;0,002267848;0;0
Aquamicrobium_Phyllobacteriaceae_Rhizobiales_Alphaproteobacteria_Proteobacteria;0,001669486;0,001394243;0;0;0,003921376;0;0,00592303;0,004211236;0;0;0;0,013518496;0;0;0;0;0;0;0,006137121;0;0,026458226;0,001082251;0,005338395
Pirellula_Planctomycetaceae_Planctomycetales_Planctomycetacia_Planctomycetes;0;0;0;0;0;0;0;0;0;0;0;0;0;0;0;0;0;0;0;0;0;0;0
Cobetia_Halomonadaceae_Oceanospirillales_Gammaproteobacteria_Proteobacteria;0,002782477;0;0,002441386;0,002617938;0,002941032;0;0,007403788;0;0,009247761;0,007108268;0,002801748;0,004915817;0,005798072;0,005861378;0,00646496;0,003836916;0,001765054;0,003251477;0,001753463;0,002772848;0;0,005411255;0
_uncultured_Rhizobiales_Alphaproteobacteria_Proteobacteria;0,065109963;0,043221538;0,009765546;0,051486116;0,078427528;0,043714017;0,088845453;0,044919846;0,042275478;0,065751477;0,05977063;0,076195158;0,124336443;0,082059298;0,078387639;0,089783828;0,024710752;0,072345372;0,125372611;0,077639752;0,084666324;0,105519481;0,067619669
___ML635J-21_Cyanobacteria;0,042850147;0,095505657;0,06266225;0,064575807;0,036272732;0,017671624;0,028134394;0,123529577;0,03963326;0,06130881;0,086854197;0,046700258;0,043163428;0,049821716;0,048487199;0,026091027;0,008825269;0,010973736;0,010520779;0,008318545;0,020410632;0,013528139;0,02253989
Pseudoalteromonas_Pseudoalteromonadaceae_Alteromonadales_Gammaproteobacteria_Proteobacteria;0,002225982;0,001394243;0,004068977;0,00872646;0,001960688;0,002790256;0;0;0;0;0,001867832;0,007373725;0;0;0;0;0;0,002032173;0,001753463;0;0;0;0
__B38_Gammaproteobacteria_Proteobacteria;0,027268275;0,02649062;0,0179035;0,020070859;0,062742022;0,037203419;0,041461212;0,029478649;0,046238804;0,022213337;0,033620979;0,022121175;0,027701902;0,019537928;0,00969744;0,020719345;0,012355376;0,021947472;0,003506926;0,01663709;0,015118986;0,018398268;0,007711015
Roseivirga_Flammeovirgaceae_Cytophagales_Cytophagia_Bacteroidetes;0,002225982;0,002091365;0,003255182;0;0;0,002790256;0;0,005614981;0;0;0;0;0;0;0,00161624;0;0;0;0,001753463;0;0;0;0
Falsirhodobacter_Rhodobacteraceae_Rhodobacterales_Alphaproteobacteria_Proteobacteria;0;0,002788486;0;0;0;0;0;0,00280749;0;0;0;0;0;0;0;0,009975981;0;0,000812869;0;0;0;0;0
Ketogulonicigenium_Rhodobacteraceae_Rhodobacterales_Alphaproteobacteria_Proteobacteria;0,025598789;0,016730918;0,031738023;0,009599106;0,026469291;0,026972479;0,014807576;0,009826216;0,006605543;0,007996801;0,007471329;0,023350129;0,001932691;0,008792068;0,00484872;0,003069533;0;0,006909389;0;0,001848566;0,003023797;0,003246753;0
_OPB56_Chlorobiales_Chlorobia_Chlorobi;0,04006767;0,041130174;0,023600068;0,041014364;0,026469291;0,026972479;0,031095909;0,03790112;0,014532195;0,02310187;0,006537413;0,018434312;0,011596145;0,006838275;0,01131368;0,006906448;0;0,005283651;0,001753463;0;0;0,002705628;0,00118631
Oceanibulbus_Rhodobacteraceae_Rhodobacterales_Alphaproteobacteria_Proteobacteria;0,015581872;0,016730918;0;0;0,012744473;0;0,004442273;0,00280749;0;0;0;0,003686862;0;0;0,00242436;0,002302149;0;0;0,001753463;0;0;0;0,001779465
Planococcus_Planococcaceae_Bacillales_Bacilli_Firmicutes;0,001112991;0,003485608;0;0,003490584;0,01666585;0,002790256;0;0;0,003963326;0,0026656;0,002801748;0;0;0;0;0;0;0;0;0;0;0;0
uncultured_Phyllobacteriaceae_Rhizobiales_Alphaproteobacteria_Proteobacteria;0,001669486;0,003485608;0,002441386;0,006981168;0;0;0;0,008422471;0,002642217;0,009773868;0,002801748;0,006144771;0;0,01367655;0,0080812;0,015347663;0;0,015038083;0,004383658;0,009242828;0,030237973;0,131493506;0,004152085
_GR-WP33-58_Desulfuromonadales_Deltaproteobacteria_Proteobacteria;0,016694862;0,014639553;0,00895175;0,009599106;0,013724817;0,01023094;0,008884545;0,007018726;0,015853304;0,005331201;0;0;0;0,005861378;0,00323248;0,003836916;0;0,000812869;0,002630195;0;0,003023797;0;0
Microbacterium_Microbacteriaceae_Micrococcales_Actinobacteria_Actinobacteria;0,016694862;0,012548189;0,016275909;0,010471752;0,006862409;0,015811453;0,008884545;0,011229962;0,026422173;0,01777067;0,011206993;0,023350129;0,011596145;0,014653446;0,01777864;0,007673831;0,006177688;0,006909389;0,006137121;0,004621414;0,005291645;0,003787879;0,005338395
Sulfitobacter_Rhodobacteraceae_Rhodobacterales_Alphaproteobacteria_Proteobacteria;0;0,001394243;0,014648318;0,006981168;0;0,007440684;0;0;0,003963326;0,007108268;0,009339161;0;0;0;0;0;0;0,002032173;0;0;0;0;0
Seohaeicola_Rhodobacteraceae_Rhodobacterales_Alphaproteobacteria_Proteobacteria;0,002782477;0,003485608;0,004882773;0;0,001960688;0,01023094;0;0;0,003963326;0;0;0;0;0;0,00161624;0;0;0,000812869;0;0;0;0;0
Ochrobactrum_Brucellaceae_Rhizobiales_Alphaproteobacteria_Proteobacteria;0;0,042524417;0;0;0;0,001860171;0;0,036497375;0,033027717;0;0,043894057;0;0,002576921;0,058613784;0,00161624;0;0;0;0;0;0;0;0
Thermovum_Phyllobacteriaceae_Rhizobiales_Alphaproteobacteria_Proteobacteria;0,016694862;0,034856079;0,00895175;0,03752378;0,013724817;0,005580513;0,019249848;0,056149808;0,003963326;0;0;0,049158166;0,04702881;0,003907586;0,054144039;0,004604299;0,079427417;0,011786606;0,017534631;0,012939959;0,009071392;0,188852814;0,040334539
Kerstersia_Alcaligenaceae_Burkholderiales_Betaproteobacteria_Proteobacteria;0;0,001394243;0;0,005235876;0;0;0;0,011229962;0;0;0;0;0;0;0,00161624;0;0;0;0;0;0;0;0
Prosthecobacter_Verrucomicrobiaceae_Verrucomicrobiales_Verrucomicrobiae_Verrucomicrobia;0,001112991;0,001394243;0;0;0,001960688;0;0;0,00280749;0;0;0;0;0;0;0;0;0;0;0;0;0;0;0
Escherichia-Shigella_Enterobacteriaceae_Enterobacteriales_Gammaproteobacteria_Proteobacteria;0,045632624;0,078774739;0,026041455;0,036651134;0,053918926;0,034413163;0,051826514;0,016844942;0,027743282;0,033764272;0,019612238;0,022121175;0,011596145;0,01074586;0,0121218;0,024556261;0,015885483;0,049178596;0,021041557;0,028652765;0,004535696;0,00487013;0,00237262
Celeribacter_Rhodobacteraceae_Rhodobacterales_Alphaproteobacteria_Proteobacteria;0,023372807;0,055072605;0,059407069;0,012217045;0,049997549;0,022322051;0,071076363;0,008422471;0,047559912;0,015993603;0,031753147;0,025808037;0,005798072;0,009768964;0,0121218;0,006139065;0,005295161;0,021134603;0;0,002772848;0,001511899;0,001623377;0,001779465
Flavobacterium_Flavobacteriaceae_Flavobacteriales_Flavobacteriia_Bacteroidetes;0,011686404;0,009759702;0,028482841;0,00872646;0,017646194;0,004650427;0;0,005614981;0,014532195;0,005331201;0,00466958;0,002457908;0,002576921;0,001953793;0,00323248;0,006139065;0,006177688;0,003251477;0,002630195;0;0,001511899;0,002705628;0,001779465
Antarctobacter_Rhodobacteraceae_Rhodobacterales_Alphaproteobacteria_Proteobacteria;0;0,00418273;0;0,010471752;0;0;0;0;0;0;0,001867832;0;0;0;0;0;0;0;0;0;0;0;0
uncultured_Cryomorphaceae_Flavobacteriales_Flavobacteriia_Bacteroidetes;0,034502716;0,019519404;0,030110432;0,011344398;0,065683055;0,021391966;0,013326818;0,008422471;0,043596586;0,019547736;0,010273077;0,013518496;0,006442303;0,014653446;0,00565684;0,003069533;0;0,011786606;0,004383658;0;0,001511899;0,004329004;0
Tumebacillus_Alicyclobacillaceae_Bacillales_Bacilli_Firmicutes;0;0;0;0;0;0;0;0;0;0;0;0;0;0;0;0;0;0;0;0;0;0;0
Marinicella_Family-Incertae-Sedis_Order-Incertae-Sedis_Gammaproteobacteria_Proteobacteria;0,010573413;0,004879851;0,003255182;0,005235876;0,008823097;0,003720342;0,00592303;0,008422471;0,003963326;0,003554134;0;0,002457908;0,001288461;0,001953793;0;0;0,001765054;0,002438608;0;0;0,001511899;0;0
Dokdonella_Xanthomonadaceae_Xanthomonadales_Gammaproteobacteria_Proteobacteria;0;0,001394243;0;0;0;0;0;0;0;0;0;0;0;0;0;0;0;0;0;0,002772848;0;0;0
BAL58-marine-group_Comamonadaceae_Burkholderiales_Betaproteobacteria_Proteobacteria;0;0;0;0;0,001960688;0;0;0;0,003963326;0;0;0;0;0;0,00161624;0;0;0;0;0;0;0;0
Marinobacterium_Oceanospirillaceae_Oceanospirillales_Gammaproteobacteria_Proteobacteria;0,004451963;0,016730918;0,001627591;0,002617938;0;0,002790256;0,002961515;0;0;0;0,002801748;0,003686862;0;0,001953793;0;0;0;0,001219304;0;0;0;0;0
Erythrobacter_Erythrobacteraceae_Sphingomonadales_Alphaproteobacteria_Proteobacteria;0,020033835;0,019519404;0,014648318;0,022688797;0,022547914;0,018601709;0,032576666;0,033689885;0,033027717;0,039095473;0,020546154;0,018434312;0,04767304;0,029306892;0,01858676;0,042973456;0,022063171;0,047959292;0,065754866;0,04344129;0,05594025;0,037337662;0,02965775
Arenibacter_Flavobacteriaceae_Flavobacteriales_Flavobacteriia_Bacteroidetes;0,01335589;0,009759702;0,015462114;0,006108522;0,007842753;0,008370769;0,008884545;0;0,003963326;0,007996801;0,002801748;0,002457908;0;0,002930689;0;0,002302149;0,001765054;0,001625739;0;0;0,002267848;0;0,001779465
Simplicispira_Comamonadaceae_Burkholderiales_Betaproteobacteria_Proteobacteria;0,030050752;0,011153945;0,004068977;0,00436323;0,040194108;0,053944958;0,056268787;0,03509363;0,036991043;0,003554134;0,028951399;0,025808037;0,013528836;0,039075856;0,043638479;0,060623269;0,045891396;0,017070256;0,028932141;0,015712807;0,035529618;0,057359307;0,00949048
Hydrogenophaga_Comamonadaceae_Burkholderiales_Betaproteobacteria_Proteobacteria;0,016694862;0,02649062;0,013020727;0,013962337;0,01666585;0,006510598;0,010365303;0,008422471;0,007926652;0,028433071;0,031753147;0,025808037;0,011596145;0,015630342;0,00888932;0,016882429;0,007060215;0,015444518;0,012274242;0,022182786;0,01133924;0,016233766;0,012456255
Devosia_Hyphomicrobiaceae_Rhizobiales_Alphaproteobacteria_Proteobacteria;0,030050752;0,019519404;0,031738023;0,018325567;0,013724817;0,056735214;0,057749545;0,033689885;0,013211087;0,052423475;0,04296014;0,031952808;0,052182652;0,045914131;0,080811999;0,047577755;0,053834138;0,021134603;0,07364545;0,027728483;0,054428351;0,023268398;0,023133045
___OM190_Planctomycetes;0,001669486;0;0;0,001745292;0;0,001860171;0;0;0;0;0;0;0;0;0;0;0;0;0;0;0;0;0
Rhizobacter_Comamonadaceae_Burkholderiales_Betaproteobacteria_Proteobacteria;0,546478497;0,675510816;0,446773708;0,642267483;0,542130288;0,393426156;0,422015903;0,422527303;0,299891669;0,293216047;0,245619934;0,302322723;0,213884451;0,095735847;0,166472718;0,08287738;0,156207253;0,130871965;0,086796423;0,075791186;0,085422273;0,056277056;0,040927694
Aeromonas_Aeromonadaceae_Aeromonadales_Gammaproteobacteria_Proteobacteria;0,078465853;0,063438064;0,078124364;0,044504948;0,082348904;0,050224616;0,051826514;0,03790112;0,051523238;0,039095473;0,028951399;0,015976404;0,010307684;0,031260685;0,020203;0,007673831;0,003530107;0,021541038;0,021041557;0,012015676;0,009071392;0,001623377;0,001779465
Gemmobacter_Rhodobacteraceae_Rhodobacterales_Alphaproteobacteria_Proteobacteria;0,010016917;0,022307891;0,006510364;0,00872646;0,028429979;0,018601709;0,010365303;0,014037452;0,036991043;0,008885335;0,009339161;0,007373725;0,005153842;0,019537928;0,00323248;0,002302149;0;0,008535128;0,008767315;0;0,012851138;0;0,004152085
Pseudoxanthobacter_Xanthobacteraceae_Rhizobiales_Alphaproteobacteria_Proteobacteria;0,015581872;0,011153945;0,017089705;0,011344398;0,60487231;0,021391966;0,017769091;0,169853168;0,175707454;0,047980808;0,065374127;0,067592479;0,083105705;0,016607239;0,03070856;0,006906448;0,012355376;0,23044846;0,120988953;0,201493641;0,293308337;0,017857143;0,045672934
Aminobacter_Phyllobacteriaceae_Rhizobiales_Alphaproteobacteria_Proteobacteria;0;0,002788486;0;0,001745292;0,006862409;0;0,013326818;0;0;0,005331201;0,007471329;0;0,07086533;0,005861378;0;0,003069533;0,001765054;0,077629023;0,005260389;0,079488317;0,001511899;0,005952381;0,002965775
Sneathiella_Sneathiellaceae_Sneathiellales_Alphaproteobacteria_Proteobacteria;0,016138367;0,019519404;0,020344887;0,019198213;0,030390667;0,023252137;0,034057424;0,022459923;0,017174413;0,039984006;0,045761889;0,034410716;0,027701902;0,04884482;0,01777864;0,067529717;0,045008869;0,049991465;0,076275644;0,039744159;0,043089111;0,109848485;0,03440299
Achromobacter_Alcaligenaceae_Burkholderiales_Betaproteobacteria_Proteobacteria;0,045632624;0,089928684;0,022786273;0,048868178;0,047056517;0,056735214;0,053307272;0,074398495;0,076624303;0,056866142;0,028951399;0,0294949;0,038653816;0,022468617;0,089701319;0,065227567;0,043243816;0,039017729;0,043836577;0,042517007;0,036285567;0,011904762;0,031437215
Stappia_Rhodobacteraceae_Rhodobacterales_Alphaproteobacteria_Proteobacteria;0,001669486;0;0,001627591;0,007853814;0,005882065;0,001860171;0,00592303;0;0,009247761;0;0;0;0,001288461;0;0;0;0;0,000812869;0;0;0;0;0
Novosphingobium_Sphingomonadaceae_Sphingomonadales_Alphaproteobacteria_Proteobacteria;0,04730211;0,042524417;0,019531091;0,042759656;0,039213764;0,027902564;0,050345757;0,043516101;0,063413216;0,044426674;0,054167134;0,040555487;0,076019172;0,03809896;0,080003879;0,05371682;0,035301074;0,04348851;0,057864282;0,034198462;0,046868858;0,041125541;0,058722344
uncultured_Beijerinckiaceae_Rhizobiales_Alphaproteobacteria_Proteobacteria;0,018920844;0,014639553;0,007324159;0,013962337;0,005882065;0,004650427;0,002961515;0,018248687;0,002642217;0,032875739;0,002801748;0,008602679;0,005798072;0;0,00484872;0,018417196;0,012355376;0,02438608;0,003506926;0,003697131;0,007559493;0,015151515;0,036182454
Rhodococcus_Nocardiaceae_Corynebacteriales_Actinobacteria_Actinobacteria;0,265448313;0,402936276;0,257159366;0,217288863;0,183324347;0,201828548;0,364266359;0,186698111;0,311781647;0,274556844;0,173708394;0,226127565;0,101144153;0,20612514;0,084852599;0,056786353;0,068837094;0,203623772;0,056110819;0,097049689;0,148166067;0,089285714;0,044486624
Loktanella_Rhodobacteraceae_Rhodobacterales_Alphaproteobacteria_Proteobacteria;0,001669486;0,00418273;0,018717296;0,00436323;0,026469291;0,007440684;0;0,008422471;0,005284435;0,006219734;0;0,003686862;0;0,001953793;0,00484872;0;0;0,000812869;0,001753463;0;0,002267848;0;0
Nitratireductor_Phyllobacteriaceae_Rhizobiales_Alphaproteobacteria_Proteobacteria;0,028937762;0,055769727;0,019531091;0,04188701;0,039213764;0,035343248;0,045903484;0,044919846;0,03963326;0,039095473;0,029885315;0,040555487;0,028990362;0,016607239;0,03555728;0,054484203;0,043243816;0,029669731;0,047343503;0,045289855;0,043845061;0,038419913;0,037961919
Rheinheimera_Chromatiaceae_Chromatiales_Gammaproteobacteria_Proteobacteria;0,131332918;0,18891995;0,140786615;0,128278967;0,218616734;0,106029744;0,085883938;0,089839692;0,040954369;0,062197343;0,063506295;0,087255745;0,025124981;0,031260685;0,01292992;0,015347663;0,008825269;0,046333553;0,017534631;0,001848566;0,009071392;0,00487013;0,001779465
uncultured_Hyphomicrobiaceae_Rhizobiales_Alphaproteobacteria_Proteobacteria;0,026155284;0,034158958;0,010579341;0,029669965;0,014705162;0,024182222;0,014807576;0,039304865;0,014532195;0,025767471;0,019612238;0,034410716;0,018038448;0,022468617;0,01454616;0,01458028;0,022945698;0,014225214;0,02279502;0,025879917;0,012851138;0,030844156;0,02847144
_uncultured_Gaiellales_Thermoleophilia_Actinobacteria;0,004451963;0,009062581;0,006510364;0,028797319;0,017646194;0,029762735;0,047384242;0,043516101;0,018495521;0,039095473;0,053233218;0,078653066;0,146884502;0,112343086;0,108288079;0,168056909;0,082074997;0,09998293;0,151674557;0,128475303;0,128511385;0,185606061;0,204045317
Acidovorax_Comamonadaceae_Burkholderiales_Betaproteobacteria_Proteobacteria;0,234284569;0,204256624;0,14160041;0,284482608;0,127444733;0,178576411;0,119941362;0,197928072;0,170423019;0,159047492;0,127946505;0,071279341;0,204220997;0,152395838;0,176170158;0,104364108;0,125318813;0,132091269;0,102577591;0,136793848;0,101297209;0,067640693;0,107954208
Planctomyces_Planctomycetaceae_Planctomycetales_Planctomycetacia_Planctomycetes;0,014468881;0,020216526;0,008137955;0,012217045;0,009803441;0,024182222;0,01184606;0,014037452;0,011889978;0,011550935;0,008405245;0,009831633;0,021259599;0,002930689;0,00727308;0,007673831;0,011472849;0,004877216;0,003506926;0,001848566;0,004535696;0,003787879;0,001779465
Variovorax_Comamonadaceae_Burkholderiales_Betaproteobacteria_Proteobacteria;0,041737156;0,050889876;0,099283046;0,931985968;0,085289937;0,073476753;0,047384242;0,07018726;0,092477607;0,057754676;1,550300721;0,068821433;0,035432665;0,036145167;0,103439359;0,065227567;0,786331424;0,056087985;0,056110819;0,091503993;0,068791388;0,035714286;0,02609882
_NS11-12-marine-group_Sphingobacteriales_Sphingobacteriia_Bacteroidetes;0,020033835;0,014639553;0,037434591;0,011344398;0,029410323;0,026042393;0,01184606;0,00280749;0,005284435;0,0026656;0;0,004915817;0,001288461;0;0,00727308;0,002302149;0;0,001625739;0,06224794;0,021258503;0,025702277;0,078463203;0,070585444
GKS98-freshwater-group_Alcaligenaceae_Burkholderiales_Betaproteobacteria_Proteobacteria;0,02059033;0,019519404;0,040689773;0,006981168;0,023528258;0,015811453;0,008884545;0;0,018495521;0,005331201;0,00466958;0,006144771;0,001288461;0,004884482;0,00646496;0,004604299;0,002647581;0,005690085;0,005260389;0;0;0;0
Ahrensia_Phyllobacteriaceae_Rhizobiales_Alphaproteobacteria_Proteobacteria;0,004451963;0,002091365;0,001627591;0,006108522;0,007842753;0,001860171;0;0;0,003963326;0,003554134;0,001867832;0;0,004509612;0,005861378;0;0,002302149;0;0,000812869;0,001753463;0,001848566;0;0,011363636;0,004152085
Idiomarina_Idiomarinaceae_Alteromonadales_Gammaproteobacteria_Proteobacteria;0,02059033;0,007668337;0,040689773;0,012217045;0,029410323;0,016741539;0,010365303;0,007018726;0,014532195;0,0026656;0,002801748;0,009831633;0,002576921;0;0,0040406;0;0,002647581;0;0;0,004621414;0;0,001623377;0,001779465
Polaribacter_Flavobacteriaceae_Flavobacteriales_Flavobacteriia_Bacteroidetes;0,077352863;0,072500645;0,061848455;0,052358762;0,071565119;0,047434359;0,035538181;0,029478649;0,025101065;0,02310187;0,017744406;0,031952808;0,009019224;0,006838275;0,0242436;0,003069533;0,003530107;0,006909389;0,008767315;0,002772848;0;0;0
Aequorivita_Flavobacteriaceae_Flavobacteriales_Flavobacteriia_Bacteroidetes;0,042850147;0,063438064;0,042317364;0,04188701;0,060781334;0,040923761;0,105133786;0,043516101;0,040954369;0,071971212;0,073779372;0,050387121;0,052826882;0,089874469;0,03394104;0,107433641;0,0953129;0,113801709;0,109591443;0,073942621;0,092981767;0,178571429;0,081855389
Parvibaculum_Rhodobiaceae_Rhizobiales_Alphaproteobacteria_Proteobacteria;0,14079334;0,142212803;0,118814137;0,130896906;0,154894368;0,201828548;0,174729392;0,151604481;0,138716411;0,123506153;0,112069932;0,165908812;0,14173066;0,123088946;0,109096199;0,160383078;0,092665319;0,139407093;0,154304752;0,097049689;0,107344804;0,161255411;0,090159559
Hyphomicrobium_Hyphomicrobiaceae_Rhizobiales_Alphaproteobacteria_Proteobacteria;0,052867064;0,006274094;0,021158682;0,085519312;0,04313514;0,026972479;0,050345757;0,056149808;0,055486564;0,06130881;0,109268183;0,114292737;0,038653816;0,212963415;0,099398759;0,091318594;0,052069084;0,052023638;0,106084517;0,079488317;0,101297209;0,132575758;0,102022659
Defluviimonas_Rhodobacteraceae_Rhodobacterales_Alphaproteobacteria_Proteobacteria;0,038954679;0,073197766;0,087076114;0,099481648;0,062742022;0,033483077;0,06663409;0,036497375;0,042275478;0,030210138;0,039224476;0,104461104;0,082461475;0,1357886;0,073538919;0,089016445;0,06442446;0,088602759;0,057864282;0,048986986;0,074838983;0,104437229;0,083634854
Sphingomonas_Sphingomonadaceae_Sphingomonadales_Alphaproteobacteria_Proteobacteria;0,017807853;0,019519404;0,016275909;0,021816151;0,023528258;0,017671624;0,014807576;0,012633707;0,013211087;0,018659203;0,012140909;0,01474745;0,014817296;0,021491721;0,01777864;0,025323644;0,013237903;0,032921209;0,02279502;0,036047028;0,058964047;0,032467532;0,03321668
Brevundimonas_Caulobacteraceae_Caulobacterales_Alphaproteobacteria_Proteobacteria;0,144688808;0,169400545;0,101724433;0,179765084;0,089211313;0,212989574;0,226555906;0,233021702;0,175707454;0,289661913;0,241884269;0,287575273;0,455470803;0,265715821;0,273952676;0,339183351;0,267405636;0,319457654;0,287567947;0,260647737;0,32279036;0,451298701;0,32920102
___ARKICE-90_Proteobacteria;0,056206037;0,092717171;0,046386341;0,072429621;0,101955786;0,093938633;0,158441058;0,080013476;0,117578672;0,119063486;0,088722029;0,074966204;0,085682626;0,100620329;0,120409878;0,131989901;0,04765645;0,109737362;0,146414168;0,109989648;0,12246379;0,091991342;0,059908654
Shinella_Rhizobiaceae_Rhizobiales_Alphaproteobacteria_Proteobacteria;0,016694862;0,393873696;0,345049275;0,306298759;0,013724817;0,019531795;0,386477722;0;0;0,4140566;0,009339161;0,368686248;0,001932691;0,002930689;0,345875356;0,003836916;0,389194341;0,352378862;0,004383658;0,304089027;0,325058208;0,26461039;0,02728513
Methylibium_Comamonadaceae_Burkholderiales_Betaproteobacteria_Proteobacteria;0,855333452;0,021610769;0,012206932;2,818646701;0,001960688;1,735539496;0,777397717;1,761700216;0,007926652;0,009773868;1,648361911;0,27774364;0,012884605;0;2,125355573;0,009975981;0,831340294;0,004470781;0,002630195;1,257948832;0,603247558;1,744588745;1,848270953
Fluviicola_Cryomorphaceae_Flavobacteriales_Flavobacteriia_Bacteroidetes;0,601015048;0,594644712;0,694167528;0,714697105;0,805842851;0,632458123;0,479765448;0,306016452;0,358020451;0,219467768;0,22974336;0,310925402;0,205509457;0,373174425;0,235162917;0,208728216;0,080309943;0,406028239;0,359459933;0,180235138;0,198814671;0,191558442;0,137018803
Sphingorhabdus_Sphingomonadaceae_Sphingomonadales_Alphaproteobacteria_Proteobacteria;0,038954679;0,023005012;0,019531091;0,019198213;0,025488947;0,015811453;0,01184606;0,004211236;0,018495521;0,019547736;0,019612238;0,019663267;0,006442303;0,037122063;0,01454616;0,024556261;0,012355376;0,054462246;0,013150973;0,019409938;0,034773669;0,023268398;0,018387805
Pseudolabrys_Xanthobacteraceae_Rhizobiales_Alphaproteobacteria_Proteobacteria;0,023372807;0,02649062;0,023600068;0,057594638;0,020587226;0,050224616;0,068114848;0,046323591;0,043596586;0,067528544;0,070043707;0,086026791;0,130134515;0,123088946;0,105863719;0,202589151;0,17650537;0,189804993;0,250745222;0,233843537;0,180671888;0,393939394;0,282934931
Mesorhizobium_Phyllobacteriaceae_Rhizobiales_Alphaproteobacteria_Proteobacteria;0,262665836;0,276757269;0,236000684;0,225142678;0,166658497;0,252053164;0,2058253;0,207754288;0,297249452;0,23013017;0,195188464;0,235959199;0,208730609;0,262785132;0,236779157;0,206426066;0,178270424;0,12518188;0,251621953;0,097049689;0,147410118;0,212121212;0,176760187
Caulobacter_Caulobacteraceae_Caulobacterales_Alphaproteobacteria_Proteobacteria;0;0,009062581;0;0,027924673;0;0,001860171;0;0,00280749;0;0,003554134;0,001867832;0,003686862;0,002576921;0,006838275;0,00242436;0,002302149;0;0,001625739;0,007890584;0,001848566;0,003023797;0,001623377;0
Hyphomonas_Hyphomonadaceae_Caulobacterales_Alphaproteobacteria_Proteobacteria;2,157532722;1,970065599;1,564114875;2,546381137;2,438115779;2,932559502;3,041476019;2,471995283;1,800671123;2,078279799;1,851021704;2,19491213;1,994536927;1,692961461;1,663919059;2,454858686;2,261916319;1,444875265;2,139224969;1,372559894;1,485440416;2,222402597;1,315617771
__Hot-Creek-32_Betaproteobacteria_Proteobacteria;0,021703321;0,016730918;0,017089705;0,027052027;1,205823244;1,516969409;1,030607259;0,009826216;0,060770999;0,74903372;0,036422728;0,011060587;0,925114673;2,117911395;0,03474916;0,002302149;1,247892967;0,035766251;1,007364545;0,967724046;0,005291645;0,147186147;0,306067976
uncultured_Comamonadaceae_Burkholderiales_Betaproteobacteria_Proteobacteria;1,941612501;3,593661771;1,503080216;0,356039583;2,066565364;1,266776417;1,588852857;0,251270389;4,211694454;1,820605091;0,205461541;2,344844537;3,032391898;1,752552142;0,203646237;2,410350464;1,575310429;1,652563383;2,249693144;0,857734398;1,216322458;0,166125541;0,176167032
Pseudorhodobacter_Rhodobacteraceae_Rhodobacterales_Alphaproteobacteria_Proteobacteria;0,052867064;0,487985109;1,411935124;0,069811683;0,580363708;0,19531795;0,059230302;0,063168534;0,187597432;0,368741392;0,304456648;0,18311417;0,16492295;0,026376203;0,283650116;0,127385602;0,086487631;0,054055812;0,028055409;0,017561372;0,101297209;0,030844156;0,046859244
Oceanisphaera_Aeromonadaceae_Aeromonadales_Gammaproteobacteria_Proteobacteria;1,485842757;1,691216965;0,988761485;0,847339302;0,902896917;0,834286671;0,941761805;0,450602207;0,885142812;0,532231552;0,529530427;0,494039572;0,243519043;0,302837884;0,254557797;0,146570181;0,094430373;0,267027581;0,064878134;0,085958296;0,110368601;0,042748918;0,02609882
Methylotenera_Methylophilaceae_Methylophilales_Betaproteobacteria_Proteobacteria;0,205903303;0,152669627;0,235186888;0,084646666;0,161756777;0,119981026;0,06663409;0,130548303;0,10965202;0,113732285;0,113003848;0,07988202;0,039942277;0,085966883;0,115561159;0,032997475;0,017650537;0,07478398;0,041206383;0,024955634;0,02192253;0,023268398;0,002965775
Rhizobium_Rhizobiaceae_Rhizobiales_Alphaproteobacteria_Proteobacteria;0,437405396;0,044615781;0,0537105;0,163184809;0,45193863;0,43155966;0,096249241;0,425334793;0,425396993;0,111955218;0,486570287;0,135184958;0,482528475;0,374151321;0,155159038;0,415154282;0,071484675;0,073158241;0,38050149;0,108141083;0,052160503;0,087662338;0,380212349
Massilia_Oxalobacteraceae_Burkholderiales_Betaproteobacteria_Proteobacteria;0,001112991;0,05716397;0;0,070684329;0;0;0;0;0;0;0;0,002457908;0;0;0;0,002302149;0;0;0;0;0;0;0,00118631
Thalassobaculum_Rhodospirillaceae_Rhodospirillales_Alphaproteobacteria_Proteobacteria;0,089039266;0,088534441;0,140786615;0,298444945;0,079407872;0,359943079;0,14511424;0,084224712;0,166459693;0,16882136;0,169038814;0,286346319;0,231278668;0,281346163;0,625484872;0,207960833;0,244459938;0,36701051;0,500613712;0,337363206;0,375706813;0,365800866;0,399193309
Sphingopyxis_Sphingomonadaceae_Sphingomonadales_Alphaproteobacteria_Proteobacteria;0,372851928;0,401542033;0,373532116;0,403162469;0,351943532;0,648269576;0,636725749;0,628877846;0,718683119;0,787240659;0,850797564;0,974560649;0,885172396;0,823523665;0,664274631;0,768917913;0,685723363;0,671023646;0,630369981;0,563812482;0,577545281;0,612554113;0,759831544
Terrimonas_Chitinophagaceae_Sphingobacteriales_Sphingobacteriia_Bacteroidetes;0,097943193;0,141515682;0,052896705;0,093373126;0,086270281;0,123701368;0,284305451;0,165641933;0,116257563;0,386512062;0,337143711;0,523534472;0,331778591;0,451326137;0,063841479;0,175730741;0,097077954;0,089822063;0,093810275;0,039744159;0,052916452;0,080627706;0,083041699
Cupriavidus_Burkholderiaceae_Burkholderiales_Betaproteobacteria_Proteobacteria;1,208151545;1,836915376;1,329741783;1,744419429;1,345032106;1,535571119;1,131298772;0,87312951;1,307897588;0,984495091;0,984347566;1,063045348;0,830412823;0,753187125;1,867565296;1,361337702;0,953128999;1,292462263;0,949500263;1,018559598;0,788455142;0,447510823;0,36716294
uncultured_Rhodobacteraceae_Rhodobacterales_Alphaproteobacteria_Proteobacteria;0,445752827;0,481711015;0,555008504;0,452030647;0,733297387;0,525498293;0,422015903;0,450602207;0,352736016;0,403394198;0,282042661;0,29249109;0,21195176;0,258877546;0,201221877;0,223308496;0,241812357;0,233699937;0,304225846;0,193175096;0,245683529;0,49025974;0,308440596
Gallaecimonas_Unknown-Family_Gammaproteobacteria-Incertae-Sedis_Gammaproteobacteria_Proteobacteria;3,10802689;2,981589019;3,982714984;1,963453584;4,752708201;3,049750272;2,13229088;2,599736096;1,968451925;2,053400862;1,971496881;2,001966327;0,955393496;1,621648024;1,58229894;1,650641149;1,027261254;1,499337511;1,105558478;0,878068619;0,918478425;0,870670996;0,348775135
Rhodobacter_Rhodobacteraceae_Rhodobacterales_Alphaproteobacteria_Proteobacteria;0,456882735;0,209833597;0,031738023;0,410143638;0,476447233;0,43993043;0,623398931;0,380414947;0,59846223;0,057754676;0,080316784;0,172053582;0,006442303;0,289161334;0,067073959;0,045275606;0;0,151600133;0,10783798;0,071169772;0,015118986;0,127705628;0,042114004
Limnohabitans_Comamonadaceae_Burkholderiales_Betaproteobacteria_Proteobacteria;2,316133915;1,941483614;4,317184919;2,025411453;1,861673447;1,719728043;0,581937719;2,457957831;0,236478453;1,37544982;0,5743584;1,181024948;0,544374581;0,065452059;3,511281355;0,976878746;0,024710752;2,039489193;0,37436437;0,546251109;0,901091591;0,257575758;0,164303933
uncultured_Rhodospirillaceae_Rhodospirillales_Alphaproteobacteria_Proteobacteria;0,238736533;0,248175284;0,204262661;0,283609962;0,298024607;0,260423933;0,228036664;0,231617957;0,202129627;0,215913635;0,200791961;0,226127565;0,21130753;0,30381478;0,172129558;0,171893825;0,165032521;0,340592257;0,364720323;0,240313517;0,341689093;0,327922078;0,394448069
Blastomonas_Sphingomonadaceae_Sphingomonadales_Alphaproteobacteria_Proteobacteria;0,909870003;0,875584711;0,837395529;0,889226312;0,857801088;0,752439149;0,716686657;1,002274067;1,00668481;1,08401084;1,139377638;0,942607841;1,607998763;1,423338055;2,152831652;1,583111432;1,278781407;2,510140545;1,913028231;2,155427388;2,170330501;2,109307359;1,939616822
Pseudomonas_Pseudomonadaceae_Pseudomonadales_Gammaproteobacteria_Proteobacteria;3,570474579;4,987207819;3,666962346;3,181667452;5,258565757;4,019829422;3,980276309;4,315112721;3,650223267;3,641210183;3,837461242;4,085043628;3,747487502;4,481023787;4,818819498;4,258209081;2,332518467;5,132050626;3,45607575;3,589914227;3,84173445;2,974025974;2,050536805
Ferrovibrio_Rhodospirillaceae_Rhodospirillales_Alphaproteobacteria_Proteobacteria;16,38155552;13,95288852;19,28613862;14,72415659;12,57193275;14,80789085;12,23401892;13,80021898;13,45813407;12,18890222;11,51331764;11,28179919;9,834175128;11,85268402;13,17154771;6,452157498;8,39900804;13,36438494;8,965456777;7,812037859;8,199026337;5,590909091;4,121834035
Hoeflea_Phyllobacteriaceae_Rhizobiales_Alphaproteobacteria_Proteobacteria;0,457995726;0,489379353;0,553380913;0,678045971;1,105828146;0,89195197;1,023203471;0,993851596;1,784817819;2,12448354;2,015390937;1,927000123;2,766324795;4,359888634;5,605928368;2,371213923;1,831243216;6,069695418;5,65842539;5,017931085;6,693931239;3,760822511;2,623524527
uncultured_Caulobacteraceae_Caulobacterales_Alphaproteobacteria_Proteobacteria;58,20274241;58,18525309;54,80586909;60,35743582;57,50600461;57,99640987;63,92134216;62,83444229;63,01292044;65,06197521;66,32952296;65,48359346;67,53079421;63,28530259;57,12115335;71,02131023;73,09087379;58,76029296;66,25284938;69,66503993;67,71416044;73,45075758;79,51420606
